Plate	plateRow	plateCol	DNA_name	8mer	spatialRow	spatialCol
BCA01	A	1				
BCA01	B	1				
BCA01	C	1				
BCA01	D	1				
BCA01	E	1				
BCA01	F	1				
BCA01	G	1				
BCA01	H	1				
BCA01	A	2				
BCA01	B	2				
BCA01	C	2				
BCA01	D	2				
BCA01	E	2				
BCA01	F	2				
BCA01	G	2				
BCA01	H	2				
BCA01	A	3	BC1_P96_A_95	GATGAATC	94	94
BCA01	B	3	BC1_P96_A_96	GCCAAGAC	95	95
BCA01	C	3	A97	ACAGAGCT	96	96
BCA01	D	3	A98	CTTGTCCA	97	97
BCA01	E	3	A99	CCAACAGA	98	98
BCA01	F	3				
BCA01	G	3				
BCA01	H	3				
BCA01	A	4	BC1_P96_A_73	AATGTTGC	72	72
BCA01	B	4	BC1_P96_A_74	ACACGACC	73	73
BCA01	C	4	BC1_P96_A_75	ACAGATTC	74	74
BCA01	D	4	BC1_P96_A_76	AGATGTAC	75	75
BCA01	E	4	BC1_P96_A_77	AGCACCTC	76	76
BCA01	F	4				
BCA01	G	4				
BCA01	H	4				
BCA01	A	5	BC1_P96_A_51	CGGAAGAA	50	50
BCA01	B	5	BC1_P96_A_52	GTGACAAG	51	51
BCA01	C	5	BC1_P96_A_53	GCTCGGTA	52	52
BCA01	D	5	BC1_P96_A_54	GGAGAACA	53	53
BCA01	E	5	BC1_P96_A_55	GGTGCGAA	54	54
BCA01	F	5				
BCA01	G	5				
BCA01	H	5				
BCA01	A	6	BC1_P96_A_31	GACTAGTA	30	30
BCA01	B	6	BC1_P96_A_32	CAATGGAA	31	31
BCA01	C	6	BC1_P96_A_33	CACTTCGA	32	32
BCA01	D	6	BC1_P96_A_34	CAGCGTTA	33	33
BCA01	E	6	BC1_P96_A_35	CATACCAA	34	34
BCA01	F	6				
BCA01	G	6				
BCA01	H	6				
BCA01	A	7	BC1_P96_A_11	CTGTAGCC	10	10
BCA01	B	7	BC1_P96_A_12	AGTACAAG	11	11
BCA01	C	7	BC1_P96_A_13	AACAACCA	12	12
BCA01	D	7	BC1_P96_A_14	AACCGAGA	13	13
BCA01	E	7	BC1_P96_A_15	AACGCTTA	14	14
BCA01	F	7				
BCA01	G	7				
BCA01	H	7				
BCA01	A	8	BC1_P96_A_84	CACCTTAC	83	83
BCA01	B	8	BC1_P96_A_85	CCATCCTC	84	84
BCA01	C	8	BC1_P96_A_86	CCGACAAC	85	85
BCA01	D	8	BC1_P96_A_87	CCTAATCC	86	86
BCA01	E	8	BC1_P96_A_88	CCTCTATC	87	87
BCA01	F	8				
BCA01	G	8				
BCA01	H	8				
BCA01	A	9	BC1_P96_A_62	TCCGTCTA	61	61
BCA01	B	9	BC1_P96_A_63	TCTTCACA	62	62
BCA01	C	9	BC1_P96_A_64	TGAAGAGA	63	63
BCA01	D	9	BC1_P96_A_65	TGGAACAA	64	64
BCA01	E	9	BC1_P96_A_66	TGGCTTCA	65	65
BCA01	F	9				
BCA01	G	9				
BCA01	H	9				
BCA01	A	10	BC1_P96_A_41	CGACTGGA	40	40
BCA01	B	10	BC1_P96_A_42	CGCATACA	41	41
BCA01	C	10	BC1_P96_A_43	CTCAATGA	42	42
BCA01	D	10	BC1_P96_A_44	CTGAGCCA	43	43
BCA01	E	10	BC1_P96_A_45	CTGGCATA	44	44
BCA01	F	10				
BCA01	G	10				
BCA01	H	10				
BCA01	A	11	BC1_P96_A_21	ACGCTCGA	20	20
BCA01	B	11	BC1_P96_A_22	ACGTATCA	21	21
BCA01	C	11	BC1_P96_A_23	ACTATGCA	22	22
BCA01	D	11	BC1_P96_A_24	AGAGTCAA	23	23
BCA01	E	11	BC1_P96_A_25	AGATCGCA	24	24
BCA01	F	11				
BCA01	G	11				
BCA01	H	11				
BCA01	A	12	BC1_P96_A_1	AACGTGAT	0	0
BCA01	B	12	BC1_P96_A_2	GCGAGTAA	1	1
BCA01	C	12	BC1_P96_A_3	ATGCCTAA	2	2
BCA01	D	12	BC1_P96_A_4	GCTAACGA	3	3
BCA01	E	12	BC1_P96_A_5	ACCACTGT	4	4
BCA01	F	12				
BCA01	G	12				
BCA01	H	12				
BCA02	A	1				
BCA02	B	1				
BCA02	C	1				
BCA02	D	1				
BCA02	E	1				
BCA02	F	1				
BCA02	G	1				
BCA02	H	1				
BCA02	A	2				
BCA02	B	2				
BCA02	C	2				
BCA02	D	2				
BCA02	E	2				
BCA02	F	2				
BCA02	G	2				
BCA02	H	2				
BCA02	A	3	A100	GATCGAGA	99	99
BCA02	B	3	A101	CCTCTCTT	100	100
BCA02	C	3	A_d8SL100	GAGGTCTA	101	101
BCA02	D	3	A103	CAATTGCC	102	102
BCA02	E	3	A104	GTTCAAGG	103	103
BCA02	F	3				
BCA02	G	3				
BCA02	H	3				
BCA02	A	4	BC1_P96_A_78	AGCCATGC	77	77
BCA02	B	4	BC1_P96_A_79	AGGCTAAC	78	78
BCA02	C	4	BC1_P96_A_80	ATAGCGAC	79	79
BCA02	D	4	BC1_P96_A_81	ATCATTCC	80	80
BCA02	E	4	BC1_P96_A_82	ATTGGCTC	81	81
BCA02	F	4				
BCA02	G	4				
BCA02	H	4				
BCA02	A	5	BC1_P96_A_56	GTACGCAA	55	55
BCA02	B	5	BC1_P96_A_57	GTCGTAGA	56	56
BCA02	C	5	BC1_P96_A_58	GTCTGTCA	57	57
BCA02	D	5	BC1_P96_A_59	GTGTTCTA	58	58
BCA02	E	5	BC1_P96_A_60	TAGGATGA	59	59
BCA02	F	5				
BCA02	G	5				
BCA02	H	5				
BCA02	A	6	BC1_P96_A_36	CCAGTTCA	35	35
BCA02	B	6	BC1_P96_A_37	CCGAAGTA	36	36
BCA02	C	6	BC1_P96_A_38	CCGTGAGA	37	37
BCA02	D	6	BC1_P96_A_39	CCTCCTGA	38	38
BCA02	E	6	BC1_P96_A_40	CGAACTTA	39	39
BCA02	F	6				
BCA02	G	6				
BCA02	H	6				
BCA02	A	7	BC1_P96_A_16	AAGACGGA	15	15
BCA02	B	7	BC1_P96_A_17	AAGGTACA	16	16
BCA02	C	7	BC1_P96_A_18	ACACAGAA	17	17
BCA02	D	7	BC1_P96_A_19	ACAGCAGA	18	18
BCA02	E	7	BC1_P96_A_20	ACCTCCAA	19	19
BCA02	F	7				
BCA02	G	7				
BCA02	H	7				
BCA02	A	8	BC1_P96_A_89	CGACACAC	88	88
BCA02	B	8	BC1_P96_A_90	CGGATTGC	89	89
BCA02	C	8	BC1_P96_A_91	CTAAGGTC	90	90
BCA02	D	8	BC1_P96_A_92	GAACAGGC	91	91
BCA02	E	8	BC1_P96_A_93	GACAGTGC	92	92
BCA02	F	8				
BCA02	G	8				
BCA02	H	8				
BCA02	A	9	BC1_P96_A_67	TGGTGGTA	66	66
BCA02	B	9	BC1_P96_A_68	TTCACGCA	67	67
BCA02	C	9	BC1_P96_A_69	AACTCACC	68	68
BCA02	D	9	BC1_P96_A_70	AAGAGATC	69	69
BCA02	E	9	BC1_P96_A_71	AAGGACAC	70	70
BCA02	F	9				
BCA02	G	9				
BCA02	H	9				
BCA02	A	10	BC1_P96_A_46	GAATCTGA	45	45
BCA02	B	10	BC1_P96_A_47	CAAGACTA	46	46
BCA02	C	10	BC1_P96_A_48	GAGCTGAA	47	47
BCA02	D	10	BC1_P96_A_49	GATAGACA	48	48
BCA02	E	10	BC1_P96_A_50	GCCACATA	49	49
BCA02	F	10	A105	TGTAAGCG	104	104
BCA02	G	10				
BCA02	H	10				
BCA02	A	11	BC1_P96_A_26	AGCAGGAA	25	25
BCA02	B	11	BC1_P96_A_27	AGTCACTA	26	26
BCA02	C	11	BC1_P96_A_28	ATCCTGTA	27	27
BCA02	D	11	BC1_P96_A_29	ATTGAGGA	28	28
BCA02	E	11	BC1_P96_A_30	CAACCACA	29	29
BCA02	F	11	BC1_P96_A_83	CAAGGAGC	82	82
BCA02	G	11	BC1_P96_A_94	GAGTTAGC	93	93
BCA02	H	11				
BCA02	A	12	BC1_P96_A_6	ACATTGGC	5	5
BCA02	B	12	BC1_P96_A_7	CAGATCTG	6	6
BCA02	C	12	BC1_P96_A_8	CATCAAGT	7	7
BCA02	D	12	BC1_P96_A_9	CGCTGATC	8	8
BCA02	E	12	BC1_P96_A_10	ACAAGCTA	9	9
BCA02	F	12	BC1_P96_A_61	TATCAGCA	60	60
BCA02	G	12	BC1_P96_A_72	AATCCGTC	71	71
BCA02	H	12				
BCA03	A	1				
BCA03	B	1				
BCA03	C	1				
BCA03	D	1				
BCA03	E	1				
BCA03	F	1				
BCA03	G	1				
BCA03	H	1				
BCA03	A	2				
BCA03	B	2				
BCA03	C	2				
BCA03	D	2				
BCA03	E	2				
BCA03	F	2				
BCA03	G	2				
BCA03	H	2				
BCA03	A	3				
BCA03	B	3				
BCA03	C	3				
BCA03	D	3	A_d8SL101	CTCCTCTA	106	106
BCA03	E	3	A_d8SL102	GGCTTCTA	107	107
BCA03	F	3	A_d8SL107	AGGAACAG	108	108
BCA03	G	3	A110	CCTATGTC	109	109
BCA03	H	3	A_d8SL108	TTAGGCAG	110	110
BCA03	A	4				
BCA03	B	4				
BCA03	C	4				
BCA03	D	4	A129	ACATCGAG	128	128
BCA03	E	4	A130	GCAAGAAG	129	129
BCA03	F	4	A131	GGTGAAGT	130	130
BCA03	G	4	A_d8SL109	CCGTATAG	131	131
BCA03	H	4	A133	AACACGGT	132	132
BCA03	A	5				
BCA03	B	5				
BCA03	C	5				
BCA03	D	5	A151	GCCTTACA	150	150
BCA03	E	5	A152	GATGACCA	151	151
BCA03	F	5	A153	TATCGGTG	152	152
BCA03	G	5	A154	CATGGTCA	153	153
BCA03	H	5	A155	GAGGTATG	154	154
BCA03	A	6				
BCA03	B	6				
BCA03	C	6				
BCA03	D	6	A171	GCCGTATT	170	170
BCA03	E	6	A172	AGGCAAGA	171	171
BCA03	F	6	A_d8SL11	GGTCAGAA	172	172
BCA03	G	6	A174	GTAGCAGA	173	173
BCA03	H	6	A175	TCTTCAGG	174	174
BCA03	A	7				
BCA03	B	7				
BCA03	C	7				
BCA03	D	7	A191	TCGGTTAC	190	190
BCA03	E	7	A192	ACTCTTGC	191	191
BCA03	F	7	A_d8SL111	ATTCCAGG	192	192
BCA03	G	7	A194	GTTGCATG	193	193
BCA03	H	7	A195	CTTCCTTG	194	194
BCA03	A	8				
BCA03	B	8				
BCA03	C	8				
BCA03	D	8	A_d8SL112	TACAACGG	117	117
BCA03	E	8	A_d8SL113	TTGTACGG	118	118
BCA03	F	8	A120	GTGCTTAG	119	119
BCA03	G	8	A121	ACATGTCG	120	120
BCA03	H	8	A_d8SL114	TAATGCGG	121	121
BCA03	A	9				
BCA03	B	9				
BCA03	C	9				
BCA03	D	9	A140	ACCAGCAA	139	139
BCA03	E	9	A_d8SL116	CTACATGG	140	140
BCA03	F	9	A_d8SL117	AAGCATGG	141	141
BCA03	G	9	A_d8SL118	ATCTGTGG	142	142
BCA03	H	9	A144	ATGCTGGT	143	143
BCA03	A	10				
BCA03	B	10				
BCA03	C	10	A106	ACTCCAGA	105	105
BCA03	D	10	A161	TCGAGTGT	160	160
BCA03	E	10	A162	TTGGAGGA	161	161
BCA03	F	10	A163	GATAGTCG	162	162
BCA03	G	10	A164	TTACCTCG	163	163
BCA03	H	10	A165	CTAACGTG	164	164
BCA03	A	11				
BCA03	B	11	A117	CTGCAGAT	116	116
BCA03	C	11	A_d8SL119	TATCCTGG	127	127
BCA03	D	11	A_d8SL120	TGGATTGG	180	180
BCA03	E	11	A182	ATCTACGG	181	181
BCA03	F	11	A183	TAGTCTCC	182	182
BCA03	G	11	A184	TACTGGAC	183	183
BCA03	H	11	A_d8SL121	TCAGTTGG	184	184
BCA03	A	12				
BCA03	B	12	A139	AGACAGGT	138	138
BCA03	C	12	A150	CTGAACAG	149	149
BCA03	D	12	A_d8SL122	CCATAACG	200	200
BCA03	E	12	A_d8SL123	CTAAGACG	201	201
BCA03	F	12	A_d8SL124	TGTAGACG	202	202
BCA03	G	12	A_d8SL125	GATACACG	203	203
BCA03	H	12	A_d8SL127	CAGATACG	204	204
BCA04	A	1				
BCA04	B	1				
BCA04	C	1				
BCA04	D	1				
BCA04	E	1				
BCA04	F	1				
BCA04	G	1				
BCA04	H	1				
BCA04	A	2				
BCA04	B	2				
BCA04	C	2				
BCA04	D	2				
BCA04	E	2				
BCA04	F	2				
BCA04	G	2				
BCA04	H	2				
BCA04	A	3				
BCA04	B	3				
BCA04	C	3				
BCA04	D	3	A112	TACGCACA	111	111
BCA04	E	3	A_d8SL128	TGCTTACG	112	112
BCA04	F	3	A_d8SL129	GAATTCCG	113	113
BCA04	G	3	A115	CTGTTCTG	114	114
BCA04	H	3	A116	TGGTCAAC	115	115
BCA04	A	4				
BCA04	B	4				
BCA04	C	4				
BCA04	D	4	A134	GCTCTATG	133	133
BCA04	E	4	A135	TGTCCGTT	134	134
BCA04	F	4	A136	TCCATTGG	135	135
BCA04	G	4	A137	TGTCTCTG	136	136
BCA04	H	4	A138	GTAGGTAG	137	137
BCA04	A	5				
BCA04	B	5				
BCA04	C	5				
BCA04	D	5	A156	ATTCGCAC	155	155
BCA04	E	5	A157	ACGTGAAC	156	156
BCA04	F	5	A158	AAGCGAGT	157	157
BCA04	G	5	A159	CCATCTTG	158	158
BCA04	H	5	A_d8SL13	GAACGGAA	159	159
BCA04	A	6				
BCA04	B	6				
BCA04	C	6				
BCA04	D	6	A176	CCACAATG	175	175
BCA04	E	6	A177	ACCAGGTT	176	176
BCA04	F	6	A_d8SL130	ATGTTCCG	177	177
BCA04	G	6	A179	TGACGGAA	178	178
BCA04	H	6	A_d8SL131	AGTGATCG	179	179
BCA04	A	7				
BCA04	B	7				
BCA04	C	7				
BCA04	D	7	A196	AAGGTCGA	195	195
BCA04	E	7	A_d8SL132	ATCCATCG	196	196
BCA04	F	7	A_d8SL133	TTCTCTCG	197	197
BCA04	G	7	A_d8SL134	GTAGTTCG	198	198
BCA04	H	7	A200	TTAGACCG	199	199
BCA04	A	8				
BCA04	B	8				
BCA04	C	8				
BCA04	D	8	A123	CAGAGAGA	122	122
BCA04	E	8	A124	TCACTGCA	123	123
BCA04	F	8	A125	ACCTGTTC	124	124
BCA04	G	8	A126	GCTTCTGT	125	125
BCA04	H	8	A127	ATCGCAGT	126	126
BCA04	A	9				
BCA04	B	9				
BCA04	C	9				
BCA04	D	9	A145	CTTACACC	144	144
BCA04	E	9	A_d8SL135	TGCAAGTG	145	145
BCA04	F	9	A147	TCACCAAG	146	146
BCA04	G	9	A_d8SL138	TCTTGCTG	147	147
BCA04	H	9	A149	GTATTGCG	148	148
BCA04	A	10				
BCA04	B	10				
BCA04	C	10				
BCA04	D	10	A_d8SL139	CAACTCTG	165	165
BCA04	E	10	A167	ACCATGGA	166	166
BCA04	F	10	A168	TACACTCG	167	167
BCA04	G	10	A_d8SL14	TCTCGGAA	168	168
BCA04	H	10	A170	GCAATCCT	169	169
BCA04	A	11				
BCA04	B	11				
BCA04	C	11				
BCA04	D	11	A186	ACCTTCGT	185	185
BCA04	E	11	A187	ACGTCAGT	186	186
BCA04	F	11	A_d8SL140	CACGATTG	187	187
BCA04	G	11	A189	GAGCTGTT	188	188
BCA04	H	11	A_d8SL141	GAGAGTTG	189	189
BCA04	A	12				
BCA04	B	12				
BCA04	C	12				
BCA04	D	12	A_d8SL142	AGGTGTTG	205	205
BCA04	E	12	A_d8SL143	TTGCCTTG	206	206
BCA04	F	12	A_d8SL144	AGTCCTTG	207	207
BCA04	G	12	A_d8SL145	TGAGTAGC	208	208
BCA04	H	12	A_d8SL148	ATGCAACC	209	209
BCB01	A	1				
BCB01	B	1				
BCB01	C	1				
BCB01	D	1				
BCB01	E	1				
BCB01	F	1				
BCB01	G	1				
BCB01	H	1				
BCB01	A	2				
BCB01	B	2				
BCB01	C	2				
BCB01	D	2				
BCB01	E	2				
BCB01	F	2				
BCB01	G	2				
BCB01	H	2				
BCB01	A	3	BC2_P96_B_95	GATGAATC	94	94
BCB01	B	3	BC2_P96_B_96	GCCAAGAC	95	95
BCB01	C	3	B97	ACAGAGCT	96	96
BCB01	D	3	B98	CTTGTCCA	97	97
BCB01	E	3	B99	CCAACAGA	98	98
BCB01	F	3				
BCB01	G	3				
BCB01	H	3				
BCB01	A	4	BC2_P96_B_73	AATGTTGC	72	72
BCB01	B	4	BC2_P96_B_74	ACACGACC	73	73
BCB01	C	4	BC2_P96_B_75	ACAGATTC	74	74
BCB01	D	4	BC2_P96_B_76	AGATGTAC	75	75
BCB01	E	4	BC2_P96_B_77	AGCACCTC	76	76
BCB01	F	4				
BCB01	G	4				
BCB01	H	4				
BCB01	A	5	BC2_P96_B_51	CGGAAGAA	50	50
BCB01	B	5	BC2_P96_B_52	GTGACAAG	51	51
BCB01	C	5	BC2_P96_B_53	GCTCGGTA	52	52
BCB01	D	5	BC2_P96_B_54	GGAGAACA	53	53
BCB01	E	5	BC2_P96_B_55	GGTGCGAA	54	54
BCB01	F	5				
BCB01	G	5				
BCB01	H	5				
BCB01	A	6	BC2_P96_B_31	GACTAGTA	30	30
BCB01	B	6	BC2_P96_B_32	CAATGGAA	31	31
BCB01	C	6	BC2_P96_B_33	CACTTCGA	32	32
BCB01	D	6	BC2_P96_B_34	CAGCGTTA	33	33
BCB01	E	6	BC2_P96_B_35	CATACCAA	34	34
BCB01	F	6				
BCB01	G	6				
BCB01	H	6				
BCB01	A	7	BC2_P96_B_11	CTGTAGCC	10	10
BCB01	B	7	BC2_P96_B_12	AGTACAAG	11	11
BCB01	C	7	BC2_P96_B_13	AACAACCA	12	12
BCB01	D	7	BC2_P96_B_14	AACCGAGA	13	13
BCB01	E	7	BC2_P96_B_15	AACGCTTA	14	14
BCB01	F	7				
BCB01	G	7				
BCB01	H	7				
BCB01	A	8	BC2_P96_B_84	CACCTTAC	83	83
BCB01	B	8	BC2_P96_B_85	CCATCCTC	84	84
BCB01	C	8	BC2_P96_B_86	CCGACAAC	85	85
BCB01	D	8	BC2_P96_B_87	CCTAATCC	86	86
BCB01	E	8	BC2_P96_B_88	CCTCTATC	87	87
BCB01	F	8				
BCB01	G	8				
BCB01	H	8				
BCB01	A	9	BC2_P96_B_62	TCCGTCTA	61	61
BCB01	B	9	BC2_P96_B_63	TCTTCACA	62	62
BCB01	C	9	BC2_P96_B_64	TGAAGAGA	63	63
BCB01	D	9	BC2_P96_B_65	TGGAACAA	64	64
BCB01	E	9	BC2_P96_B_66	TGGCTTCA	65	65
BCB01	F	9				
BCB01	G	9				
BCB01	H	9				
BCB01	A	10	BC2_P96_B_41	CGACTGGA	40	40
BCB01	B	10	BC2_P96_B_42	CGCATACA	41	41
BCB01	C	10	BC2_P96_B_43	CTCAATGA	42	42
BCB01	D	10	BC2_P96_B_44	CTGAGCCA	43	43
BCB01	E	10	BC2_P96_B_45	CTGGCATA	44	44
BCB01	F	10				
BCB01	G	10				
BCB01	H	10				
BCB01	A	11	BC2_P96_B_21	ACGCTCGA	20	20
BCB01	B	11	BC2_P96_B_22	ACGTATCA	21	21
BCB01	C	11	BC2_P96_B_23	ACTATGCA	22	22
BCB01	D	11	BC2_P96_B_24	AGAGTCAA	23	23
BCB01	E	11	BC2_P96_B_25	AGATCGCA	24	24
BCB01	F	11				
BCB01	G	11				
BCB01	H	11				
BCB01	A	12	BC2_P96_B_1	AACGTGAT	0	0
BCB01	B	12	BC2_P96_B_2	GCGAGTAA	1	1
BCB01	C	12	BC2_P96_B_3	ATGCCTAA	2	2
BCB01	D	12	BC2_P96_B_4	GCTAACGA	3	3
BCB01	E	12	BC2_P96_B_5	ACCACTGT	4	4
BCB01	F	12				
BCB01	G	12				
BCB01	H	12				
BCB02	A	1				
BCB02	B	1				
BCB02	C	1				
BCB02	D	1				
BCB02	E	1				
BCB02	F	1				
BCB02	G	1				
BCB02	H	1				
BCB02	A	2				
BCB02	B	2				
BCB02	C	2				
BCB02	D	2				
BCB02	E	2				
BCB02	F	2				
BCB02	G	2				
BCB02	H	2				
BCB02	A	3	B100	GATCGAGA	99	99
BCB02	B	3	B101	CCTCTCTT	100	100
BCB02	C	3	B_d8SL100	GAGGTCTA	101	101
BCB02	D	3	B103	CAATTGCC	102	102
BCB02	E	3	B104	GTTCAAGG	103	103
BCB02	F	3				
BCB02	G	3				
BCB02	H	3				
BCB02	A	4	BC2_P96_B_78	AGCCATGC	77	77
BCB02	B	4	BC2_P96_B_79	AGGCTAAC	78	78
BCB02	C	4	BC2_P96_B_80	ATAGCGAC	79	79
BCB02	D	4	BC2_P96_B_81	ATCATTCC	80	80
BCB02	E	4	BC2_P96_B_82	ATTGGCTC	81	81
BCB02	F	4				
BCB02	G	4				
BCB02	H	4				
BCB02	A	5	BC2_P96_B_56	GTACGCAA	55	55
BCB02	B	5	BC2_P96_B_57	GTCGTAGA	56	56
BCB02	C	5	BC2_P96_B_58	GTCTGTCA	57	57
BCB02	D	5	BC2_P96_B_59	GTGTTCTA	58	58
BCB02	E	5	BC2_P96_B_60	TAGGATGA	59	59
BCB02	F	5				
BCB02	G	5				
BCB02	H	5				
BCB02	A	6	BC2_P96_B_36	CCAGTTCA	35	35
BCB02	B	6	BC2_P96_B_37	CCGAAGTA	36	36
BCB02	C	6	BC2_P96_B_38	CCGTGAGA	37	37
BCB02	D	6	BC2_P96_B_39	CCTCCTGA	38	38
BCB02	E	6	BC2_P96_B_40	CGAACTTA	39	39
BCB02	F	6				
BCB02	G	6				
BCB02	H	6				
BCB02	A	7	BC2_P96_B_16	AAGACGGA	15	15
BCB02	B	7	BC2_P96_B_17	AAGGTACA	16	16
BCB02	C	7	BC2_P96_B_18	ACACAGAA	17	17
BCB02	D	7	BC2_P96_B_19	ACAGCAGA	18	18
BCB02	E	7	BC2_P96_B_20	ACCTCCAA	19	19
BCB02	F	7				
BCB02	G	7				
BCB02	H	7				
BCB02	A	8	BC2_P96_B_89	CGACACAC	88	88
BCB02	B	8	BC2_P96_B_90	CGGATTGC	89	89
BCB02	C	8	BC2_P96_B_91	CTAAGGTC	90	90
BCB02	D	8	BC2_P96_B_92	GAACAGGC	91	91
BCB02	E	8	BC2_P96_B_93	GACAGTGC	92	92
BCB02	F	8				
BCB02	G	8				
BCB02	H	8				
BCB02	A	9	BC2_P96_B_67	TGGTGGTA	66	66
BCB02	B	9	BC2_P96_B_68	TTCACGCA	67	67
BCB02	C	9	BC2_P96_B_69	AACTCACC	68	68
BCB02	D	9	BC2_P96_B_70	AAGAGATC	69	69
BCB02	E	9	BC2_P96_B_71	AAGGACAC	70	70
BCB02	F	9				
BCB02	G	9				
BCB02	H	9				
BCB02	A	10	BC2_P96_B_46	GAATCTGA	45	45
BCB02	B	10	BC2_P96_B_47	CAAGACTA	46	46
BCB02	C	10	BC2_P96_B_48	GAGCTGAA	47	47
BCB02	D	10	BC2_P96_B_49	GATAGACA	48	48
BCB02	E	10	BC2_P96_B_50	GCCACATA	49	49
BCB02	F	10	A105	TGTAAGCG	104	104
BCB02	G	10				
BCB02	H	10				
BCB02	A	11	BC2_P96_B_26	AGCAGGAA	25	25
BCB02	B	11	BC2_P96_B_27	AGTCACTA	26	26
BCB02	C	11	BC2_P96_B_28	ATCCTGTA	27	27
BCB02	D	11	BC2_P96_B_29	ATTGAGGA	28	28
BCB02	E	11	BC2_P96_B_30	CAACCACA	29	29
BCB02	F	11	BC2_P96_B_83	CAAGGAGC	82	82
BCB02	G	11	BC2_P96_B_94	GAGTTAGC	93	93
BCB02	H	11				
BCB02	A	12	BC2_P96_B_6	ACATTGGC	5	5
BCB02	B	12	BC2_P96_B_7	CAGATCTG	6	6
BCB02	C	12	BC2_P96_B_8	CATCAAGT	7	7
BCB02	D	12	BC2_P96_B_9	CGCTGATC	8	8
BCB02	E	12	BC2_P96_B_10	ACAAGCTA	9	9
BCB02	F	12	BC2_P96_B_61	TATCAGCA	60	60
BCB02	G	12	BC2_P96_B_72	AATCCGTC	71	71
BCB02	H	12				
BCB03	A	1				
BCB03	B	1				
BCB03	C	1				
BCB03	D	1				
BCB03	E	1				
BCB03	F	1				
BCB03	G	1				
BCB03	H	1				
BCB03	A	2				
BCB03	B	2				
BCB03	C	2				
BCB03	D	2				
BCB03	E	2				
BCB03	F	2				
BCB03	G	2				
BCB03	H	2				
BCB03	A	3				
BCB03	B	3				
BCB03	C	3				
BCB03	D	3	B_d8SL101	CTCCTCTA	106	106
BCB03	E	3	B_d8SL102	GGCTTCTA	107	107
BCB03	F	3	B_d8SL107	AGGAACAG	108	108
BCB03	G	3	B110	CCTATGTC	109	109
BCB03	H	3	B_d8SL108	TTAGGCAG	110	110
BCB03	A	4				
BCB03	B	4				
BCB03	C	4				
BCB03	D	4	B129	ACATCGAG	128	128
BCB03	E	4	B130	GCAAGAAG	129	129
BCB03	F	4	B131	GGTGAAGT	130	130
BCB03	G	4	B_d8SL109	CCGTATAG	131	131
BCB03	H	4	B133	AACACGGT	132	132
BCB03	A	5				
BCB03	B	5				
BCB03	C	5				
BCB03	D	5	B151	GCCTTACA	150	150
BCB03	E	5	B152	GATGACCA	151	151
BCB03	F	5	B153	TATCGGTG	152	152
BCB03	G	5	B154	CATGGTCA	153	153
BCB03	H	5	B155	GAGGTATG	154	154
BCB03	A	6				
BCB03	B	6				
BCB03	C	6				
BCB03	D	6	B171	GCCGTATT	170	170
BCB03	E	6	B172	AGGCAAGA	171	171
BCB03	F	6	B_d8SL11	GGTCAGAA	172	172
BCB03	G	6	B174	GTAGCAGA	173	173
BCB03	H	6	B175	TCTTCAGG	174	174
BCB03	A	7				
BCB03	B	7				
BCB03	C	7				
BCB03	D	7	B191	TCGGTTAC	190	190
BCB03	E	7	B192	ACTCTTGC	191	191
BCB03	F	7	B_d8SL111	ATTCCAGG	192	192
BCB03	G	7	B194	GTTGCATG	193	193
BCB03	H	7	B195	CTTCCTTG	194	194
BCB03	A	8				
BCB03	B	8				
BCB03	C	8				
BCB03	D	8	B_d8SL112	TACAACGG	117	117
BCB03	E	8	B_d8SL113	TTGTACGG	118	118
BCB03	F	8	B120	GTGCTTAG	119	119
BCB03	G	8	B121	ACATGTCG	120	120
BCB03	H	8	B_d8SL114	TAATGCGG	121	121
BCB03	A	9				
BCB03	B	9				
BCB03	C	9				
BCB03	D	9	B140	ACCAGCAA	139	139
BCB03	E	9	B_d8SL116	CTACATGG	140	140
BCB03	F	9	B_d8SL117	AAGCATGG	141	141
BCB03	G	9	B_d8SL118	ATCTGTGG	142	142
BCB03	H	9	B144	ATGCTGGT	143	143
BCB03	A	10				
BCB03	B	10				
BCB03	C	10	B106	ACTCCAGA	105	105
BCB03	D	10	B161	TCGAGTGT	160	160
BCB03	E	10	B162	TTGGAGGA	161	161
BCB03	F	10	B163	GATAGTCG	162	162
BCB03	G	10	B164	TTACCTCG	163	163
BCB03	H	10	B165	CTAACGTG	164	164
BCB03	A	11				
BCB03	B	11	B117	CTGCAGAT	116	116
BCB03	C	11	B_d8SL119	TATCCTGG	127	127
BCB03	D	11	B_d8SL120	TGGATTGG	180	180
BCB03	E	11	B182	ATCTACGG	181	181
BCB03	F	11	B183	TAGTCTCC	182	182
BCB03	G	11	B184	TACTGGAC	183	183
BCB03	H	11	B_d8SL121	TCAGTTGG	184	184
BCB03	A	12				
BCB03	B	12	B139	AGACAGGT	138	138
BCB03	C	12	B150	CTGAACAG	149	149
BCB03	D	12	B_d8SL122	CCATAACG	200	200
BCB03	E	12	B_d8SL123	CTAAGACG	201	201
BCB03	F	12	B_d8SL124	TGTAGACG	202	202
BCB03	G	12	B_d8SL125	GATACACG	203	203
BCB03	H	12	B_d8SL127	CAGATACG	204	204
BCB04	A	1				
BCB04	B	1				
BCB04	C	1				
BCB04	D	1				
BCB04	E	1				
BCB04	F	1				
BCB04	G	1				
BCB04	H	1				
BCB04	A	2				
BCB04	B	2				
BCB04	C	2				
BCB04	D	2				
BCB04	E	2				
BCB04	F	2				
BCB04	G	2				
BCB04	H	2				
BCB04	A	3				
BCB04	B	3				
BCB04	C	3				
BCB04	D	3	B112	TACGCACA	111	111
BCB04	E	3	B_d8SL128	TGCTTACG	112	112
BCB04	F	3	B_d8SL129	GAATTCCG	113	113
BCB04	G	3	B115	CTGTTCTG	114	114
BCB04	H	3	B116	TGGTCAAC	115	115
BCB04	A	4				
BCB04	B	4				
BCB04	C	4				
BCB04	D	4	B134	GCTCTATG	133	133
BCB04	E	4	B135	TGTCCGTT	134	134
BCB04	F	4	B136	TCCATTGG	135	135
BCB04	G	4	B137	TGTCTCTG	136	136
BCB04	H	4	B138	GTAGGTAG	137	137
BCB04	A	5				
BCB04	B	5				
BCB04	C	5				
BCB04	D	5	B156	ATTCGCAC	155	155
BCB04	E	5	B157	ACGTGAAC	156	156
BCB04	F	5	B158	AAGCGAGT	157	157
BCB04	G	5	B159	CCATCTTG	158	158
BCB04	H	5	B_d8SL13	GAACGGAA	159	159
BCB04	A	6				
BCB04	B	6				
BCB04	C	6				
BCB04	D	6	B176	CCACAATG	175	175
BCB04	E	6	B177	ACCAGGTT	176	176
BCB04	F	6	B_d8SL130	ATGTTCCG	177	177
BCB04	G	6	B179	TGACGGAA	178	178
BCB04	H	6	B_d8SL131	AGTGATCG	179	179
BCB04	A	7				
BCB04	B	7				
BCB04	C	7				
BCB04	D	7	B196	AAGGTCGA	195	195
BCB04	E	7	B_d8SL132	ATCCATCG	196	196
BCB04	F	7	B_d8SL133	TTCTCTCG	197	197
BCB04	G	7	B_d8SL134	GTAGTTCG	198	198
BCB04	H	7	B200	TTAGACCG	199	199
BCB04	A	8				
BCB04	B	8				
BCB04	C	8				
BCB04	D	8	B123	CAGAGAGA	122	122
BCB04	E	8	B124	TCACTGCA	123	123
BCB04	F	8	B125	ACCTGTTC	124	124
BCB04	G	8	B126	GCTTCTGT	125	125
BCB04	H	8	B127	ATCGCAGT	126	126
BCB04	A	9				
BCB04	B	9				
BCB04	C	9				
BCB04	D	9	B145	CTTACACC	144	144
BCB04	E	9	B_d8SL135	TGCAAGTG	145	145
BCB04	F	9	B147	TCACCAAG	146	146
BCB04	G	9	B_d8SL138	TCTTGCTG	147	147
BCB04	H	9	B149	GTATTGCG	148	148
BCB04	A	10				
BCB04	B	10				
BCB04	C	10				
BCB04	D	10	B_d8SL139	CAACTCTG	165	165
BCB04	E	10	B167	ACCATGGA	166	166
BCB04	F	10	B168	TACACTCG	167	167
BCB04	G	10	B_d8SL14	TCTCGGAA	168	168
BCB04	H	10	B170	GCAATCCT	169	169
BCB04	A	11				
BCB04	B	11				
BCB04	C	11				
BCB04	D	11	B186	ACCTTCGT	185	185
BCB04	E	11	B187	ACGTCAGT	186	186
BCB04	F	11	B_d8SL140	CACGATTG	187	187
BCB04	G	11	B189	GAGCTGTT	188	188
BCB04	H	11	B_d8SL141	GAGAGTTG	189	189
BCB04	A	12				
BCB04	B	12				
BCB04	C	12				
BCB04	D	12	B_d8SL142	AGGTGTTG	205	205
BCB04	E	12	B_d8SL143	TTGCCTTG	206	206
BCB04	F	12	B_d8SL144	AGTCCTTG	207	207
BCB04	G	12	B_d8SL145	TGAGTAGC	208	208
BCB04	H	12	B_d8SL148	ATGCAACC	209	209
