AACGTGATAACGTGAT,1,0,0
AACGTGATGCGAGTAA,1,1,0
AACGTGATATGCCTAA,1,2,0
AACGTGATGCTAACGA,1,3,0
AACGTGATACCACTGT,1,4,0
AACGTGATACATTGGC,1,5,0
AACGTGATCAGATCTG,1,6,0
AACGTGATCATCAAGT,1,7,0
AACGTGATCGCTGATC,1,8,0
AACGTGATACAAGCTA,1,9,0
AACGTGATCTGTAGCC,1,10,0
AACGTGATAGTACAAG,1,11,0
AACGTGATAACAACCA,1,12,0
AACGTGATAACCGAGA,1,13,0
AACGTGATAACGCTTA,1,14,0
AACGTGATAAGACGGA,1,15,0
AACGTGATAAGGTACA,1,16,0
AACGTGATACACAGAA,1,17,0
AACGTGATACAGCAGA,1,18,0
AACGTGATACCTCCAA,1,19,0
AACGTGATACGCTCGA,1,20,0
AACGTGATACGTATCA,1,21,0
AACGTGATACTATGCA,1,22,0
AACGTGATAGAGTCAA,1,23,0
AACGTGATAGATCGCA,1,24,0
AACGTGATAGCAGGAA,1,25,0
AACGTGATAGTCACTA,1,26,0
AACGTGATATCCTGTA,1,27,0
AACGTGATATTGAGGA,1,28,0
AACGTGATCAACCACA,1,29,0
AACGTGATGACTAGTA,1,30,0
AACGTGATCAATGGAA,1,31,0
AACGTGATCACTTCGA,1,32,0
AACGTGATCAGCGTTA,1,33,0
AACGTGATCATACCAA,1,34,0
AACGTGATCCAGTTCA,1,35,0
AACGTGATCCGAAGTA,1,36,0
AACGTGATCCGTGAGA,1,37,0
AACGTGATCCTCCTGA,1,38,0
AACGTGATCGAACTTA,1,39,0
AACGTGATCGACTGGA,1,40,0
AACGTGATCGCATACA,1,41,0
AACGTGATCTCAATGA,1,42,0
AACGTGATCTGAGCCA,1,43,0
AACGTGATCTGGCATA,1,44,0
AACGTGATGAATCTGA,1,45,0
AACGTGATCAAGACTA,1,46,0
AACGTGATGAGCTGAA,1,47,0
AACGTGATGATAGACA,1,48,0
AACGTGATGCCACATA,1,49,0
AAACATCGAACGTGAT,1,0,1
AAACATCGGCGAGTAA,1,1,1
AAACATCGATGCCTAA,1,2,1
AAACATCGGCTAACGA,1,3,1
AAACATCGACCACTGT,1,4,1
AAACATCGACATTGGC,1,5,1
AAACATCGCAGATCTG,1,6,1
AAACATCGCATCAAGT,1,7,1
AAACATCGCGCTGATC,1,8,1
AAACATCGACAAGCTA,1,9,1
AAACATCGCTGTAGCC,1,10,1
AAACATCGAGTACAAG,1,11,1
AAACATCGAACAACCA,1,12,1
AAACATCGAACCGAGA,1,13,1
AAACATCGAACGCTTA,1,14,1
AAACATCGAAGACGGA,1,15,1
AAACATCGAAGGTACA,1,16,1
AAACATCGACACAGAA,1,17,1
AAACATCGACAGCAGA,1,18,1
AAACATCGACCTCCAA,1,19,1
AAACATCGACGCTCGA,1,20,1
AAACATCGACGTATCA,1,21,1
AAACATCGACTATGCA,1,22,1
AAACATCGAGAGTCAA,1,23,1
AAACATCGAGATCGCA,1,24,1
AAACATCGAGCAGGAA,1,25,1
AAACATCGAGTCACTA,1,26,1
AAACATCGATCCTGTA,1,27,1
AAACATCGATTGAGGA,1,28,1
AAACATCGCAACCACA,1,29,1
AAACATCGGACTAGTA,1,30,1
AAACATCGCAATGGAA,1,31,1
AAACATCGCACTTCGA,1,32,1
AAACATCGCAGCGTTA,1,33,1
AAACATCGCATACCAA,1,34,1
AAACATCGCCAGTTCA,1,35,1
AAACATCGCCGAAGTA,1,36,1
AAACATCGCCGTGAGA,1,37,1
AAACATCGCCTCCTGA,1,38,1
AAACATCGCGAACTTA,1,39,1
AAACATCGCGACTGGA,1,40,1
AAACATCGCGCATACA,1,41,1
AAACATCGCTCAATGA,1,42,1
AAACATCGCTGAGCCA,1,43,1
AAACATCGCTGGCATA,1,44,1
AAACATCGGAATCTGA,1,45,1
AAACATCGCAAGACTA,1,46,1
AAACATCGGAGCTGAA,1,47,1
AAACATCGGATAGACA,1,48,1
AAACATCGGCCACATA,1,49,1
ATGCCTAAAACGTGAT,1,0,2
ATGCCTAAGCGAGTAA,1,1,2
ATGCCTAAATGCCTAA,1,2,2
ATGCCTAAGCTAACGA,1,3,2
ATGCCTAAACCACTGT,1,4,2
ATGCCTAAACATTGGC,1,5,2
ATGCCTAACAGATCTG,1,6,2
ATGCCTAACATCAAGT,1,7,2
ATGCCTAACGCTGATC,1,8,2
ATGCCTAAACAAGCTA,1,9,2
ATGCCTAACTGTAGCC,1,10,2
ATGCCTAAAGTACAAG,1,11,2
ATGCCTAAAACAACCA,1,12,2
ATGCCTAAAACCGAGA,1,13,2
ATGCCTAAAACGCTTA,1,14,2
ATGCCTAAAAGACGGA,1,15,2
ATGCCTAAAAGGTACA,1,16,2
ATGCCTAAACACAGAA,1,17,2
ATGCCTAAACAGCAGA,1,18,2
ATGCCTAAACCTCCAA,1,19,2
ATGCCTAAACGCTCGA,1,20,2
ATGCCTAAACGTATCA,1,21,2
ATGCCTAAACTATGCA,1,22,2
ATGCCTAAAGAGTCAA,1,23,2
ATGCCTAAAGATCGCA,1,24,2
ATGCCTAAAGCAGGAA,1,25,2
ATGCCTAAAGTCACTA,1,26,2
ATGCCTAAATCCTGTA,1,27,2
ATGCCTAAATTGAGGA,1,28,2
ATGCCTAACAACCACA,1,29,2
ATGCCTAAGACTAGTA,1,30,2
ATGCCTAACAATGGAA,1,31,2
ATGCCTAACACTTCGA,1,32,2
ATGCCTAACAGCGTTA,1,33,2
ATGCCTAACATACCAA,1,34,2
ATGCCTAACCAGTTCA,1,35,2
ATGCCTAACCGAAGTA,1,36,2
ATGCCTAACCGTGAGA,1,37,2
ATGCCTAACCTCCTGA,1,38,2
ATGCCTAACGAACTTA,1,39,2
ATGCCTAACGACTGGA,1,40,2
ATGCCTAACGCATACA,1,41,2
ATGCCTAACTCAATGA,1,42,2
ATGCCTAACTGAGCCA,1,43,2
ATGCCTAACTGGCATA,1,44,2
ATGCCTAAGAATCTGA,1,45,2
ATGCCTAACAAGACTA,1,46,2
ATGCCTAAGAGCTGAA,1,47,2
ATGCCTAAGATAGACA,1,48,2
ATGCCTAAGCCACATA,1,49,2
AGTGGTCAAACGTGAT,1,0,3
AGTGGTCAGCGAGTAA,1,1,3
AGTGGTCAATGCCTAA,1,2,3
AGTGGTCAGCTAACGA,1,3,3
AGTGGTCAACCACTGT,1,4,3
AGTGGTCAACATTGGC,1,5,3
AGTGGTCACAGATCTG,1,6,3
AGTGGTCACATCAAGT,1,7,3
AGTGGTCACGCTGATC,1,8,3
AGTGGTCAACAAGCTA,1,9,3
AGTGGTCACTGTAGCC,1,10,3
AGTGGTCAAGTACAAG,1,11,3
AGTGGTCAAACAACCA,1,12,3
AGTGGTCAAACCGAGA,1,13,3
AGTGGTCAAACGCTTA,1,14,3
AGTGGTCAAAGACGGA,1,15,3
AGTGGTCAAAGGTACA,1,16,3
AGTGGTCAACACAGAA,1,17,3
AGTGGTCAACAGCAGA,1,18,3
AGTGGTCAACCTCCAA,1,19,3
AGTGGTCAACGCTCGA,1,20,3
AGTGGTCAACGTATCA,1,21,3
AGTGGTCAACTATGCA,1,22,3
AGTGGTCAAGAGTCAA,1,23,3
AGTGGTCAAGATCGCA,1,24,3
AGTGGTCAAGCAGGAA,1,25,3
AGTGGTCAAGTCACTA,1,26,3
AGTGGTCAATCCTGTA,1,27,3
AGTGGTCAATTGAGGA,1,28,3
AGTGGTCACAACCACA,1,29,3
AGTGGTCAGACTAGTA,1,30,3
AGTGGTCACAATGGAA,1,31,3
AGTGGTCACACTTCGA,1,32,3
AGTGGTCACAGCGTTA,1,33,3
AGTGGTCACATACCAA,1,34,3
AGTGGTCACCAGTTCA,1,35,3
AGTGGTCACCGAAGTA,1,36,3
AGTGGTCACCGTGAGA,1,37,3
AGTGGTCACCTCCTGA,1,38,3
AGTGGTCACGAACTTA,1,39,3
AGTGGTCACGACTGGA,1,40,3
AGTGGTCACGCATACA,1,41,3
AGTGGTCACTCAATGA,1,42,3
AGTGGTCACTGAGCCA,1,43,3
AGTGGTCACTGGCATA,1,44,3
AGTGGTCAGAATCTGA,1,45,3
AGTGGTCACAAGACTA,1,46,3
AGTGGTCAGAGCTGAA,1,47,3
AGTGGTCAGATAGACA,1,48,3
AGTGGTCAGCCACATA,1,49,3
ACCACTGTAACGTGAT,1,0,4
ACCACTGTGCGAGTAA,1,1,4
ACCACTGTATGCCTAA,1,2,4
ACCACTGTGCTAACGA,1,3,4
ACCACTGTACCACTGT,1,4,4
ACCACTGTACATTGGC,1,5,4
ACCACTGTCAGATCTG,1,6,4
ACCACTGTCATCAAGT,1,7,4
ACCACTGTCGCTGATC,1,8,4
ACCACTGTACAAGCTA,1,9,4
ACCACTGTCTGTAGCC,1,10,4
ACCACTGTAGTACAAG,1,11,4
ACCACTGTAACAACCA,1,12,4
ACCACTGTAACCGAGA,1,13,4
ACCACTGTAACGCTTA,1,14,4
ACCACTGTAAGACGGA,1,15,4
ACCACTGTAAGGTACA,1,16,4
ACCACTGTACACAGAA,1,17,4
ACCACTGTACAGCAGA,1,18,4
ACCACTGTACCTCCAA,1,19,4
ACCACTGTACGCTCGA,1,20,4
ACCACTGTACGTATCA,1,21,4
ACCACTGTACTATGCA,1,22,4
ACCACTGTAGAGTCAA,1,23,4
ACCACTGTAGATCGCA,1,24,4
ACCACTGTAGCAGGAA,1,25,4
ACCACTGTAGTCACTA,1,26,4
ACCACTGTATCCTGTA,1,27,4
ACCACTGTATTGAGGA,1,28,4
ACCACTGTCAACCACA,1,29,4
ACCACTGTGACTAGTA,1,30,4
ACCACTGTCAATGGAA,1,31,4
ACCACTGTCACTTCGA,1,32,4
ACCACTGTCAGCGTTA,1,33,4
ACCACTGTCATACCAA,1,34,4
ACCACTGTCCAGTTCA,1,35,4
ACCACTGTCCGAAGTA,1,36,4
ACCACTGTCCGTGAGA,1,37,4
ACCACTGTCCTCCTGA,1,38,4
ACCACTGTCGAACTTA,1,39,4
ACCACTGTCGACTGGA,1,40,4
ACCACTGTCGCATACA,1,41,4
ACCACTGTCTCAATGA,1,42,4
ACCACTGTCTGAGCCA,1,43,4
ACCACTGTCTGGCATA,1,44,4
ACCACTGTGAATCTGA,1,45,4
ACCACTGTCAAGACTA,1,46,4
ACCACTGTGAGCTGAA,1,47,4
ACCACTGTGATAGACA,1,48,4
ACCACTGTGCCACATA,1,49,4
ACATTGGCAACGTGAT,1,0,5
ACATTGGCGCGAGTAA,1,1,5
ACATTGGCATGCCTAA,1,2,5
ACATTGGCGCTAACGA,1,3,5
ACATTGGCACCACTGT,1,4,5
ACATTGGCACATTGGC,1,5,5
ACATTGGCCAGATCTG,1,6,5
ACATTGGCCATCAAGT,1,7,5
ACATTGGCCGCTGATC,1,8,5
ACATTGGCACAAGCTA,1,9,5
ACATTGGCCTGTAGCC,1,10,5
ACATTGGCAGTACAAG,1,11,5
ACATTGGCAACAACCA,1,12,5
ACATTGGCAACCGAGA,1,13,5
ACATTGGCAACGCTTA,1,14,5
ACATTGGCAAGACGGA,1,15,5
ACATTGGCAAGGTACA,1,16,5
ACATTGGCACACAGAA,1,17,5
ACATTGGCACAGCAGA,1,18,5
ACATTGGCACCTCCAA,1,19,5
ACATTGGCACGCTCGA,1,20,5
ACATTGGCACGTATCA,1,21,5
ACATTGGCACTATGCA,1,22,5
ACATTGGCAGAGTCAA,1,23,5
ACATTGGCAGATCGCA,1,24,5
ACATTGGCAGCAGGAA,1,25,5
ACATTGGCAGTCACTA,1,26,5
ACATTGGCATCCTGTA,1,27,5
ACATTGGCATTGAGGA,1,28,5
ACATTGGCCAACCACA,1,29,5
ACATTGGCGACTAGTA,1,30,5
ACATTGGCCAATGGAA,1,31,5
ACATTGGCCACTTCGA,1,32,5
ACATTGGCCAGCGTTA,1,33,5
ACATTGGCCATACCAA,1,34,5
ACATTGGCCCAGTTCA,1,35,5
ACATTGGCCCGAAGTA,1,36,5
ACATTGGCCCGTGAGA,1,37,5
ACATTGGCCCTCCTGA,1,38,5
ACATTGGCCGAACTTA,1,39,5
ACATTGGCCGACTGGA,1,40,5
ACATTGGCCGCATACA,1,41,5
ACATTGGCCTCAATGA,1,42,5
ACATTGGCCTGAGCCA,1,43,5
ACATTGGCCTGGCATA,1,44,5
ACATTGGCGAATCTGA,1,45,5
ACATTGGCCAAGACTA,1,46,5
ACATTGGCGAGCTGAA,1,47,5
ACATTGGCGATAGACA,1,48,5
ACATTGGCGCCACATA,1,49,5
CAGATCTGAACGTGAT,1,0,6
CAGATCTGGCGAGTAA,1,1,6
CAGATCTGATGCCTAA,1,2,6
CAGATCTGGCTAACGA,1,3,6
CAGATCTGACCACTGT,1,4,6
CAGATCTGACATTGGC,1,5,6
CAGATCTGCAGATCTG,1,6,6
CAGATCTGCATCAAGT,1,7,6
CAGATCTGCGCTGATC,1,8,6
CAGATCTGACAAGCTA,1,9,6
CAGATCTGCTGTAGCC,1,10,6
CAGATCTGAGTACAAG,1,11,6
CAGATCTGAACAACCA,1,12,6
CAGATCTGAACCGAGA,1,13,6
CAGATCTGAACGCTTA,1,14,6
CAGATCTGAAGACGGA,1,15,6
CAGATCTGAAGGTACA,1,16,6
CAGATCTGACACAGAA,1,17,6
CAGATCTGACAGCAGA,1,18,6
CAGATCTGACCTCCAA,1,19,6
CAGATCTGACGCTCGA,1,20,6
CAGATCTGACGTATCA,1,21,6
CAGATCTGACTATGCA,1,22,6
CAGATCTGAGAGTCAA,1,23,6
CAGATCTGAGATCGCA,1,24,6
CAGATCTGAGCAGGAA,1,25,6
CAGATCTGAGTCACTA,1,26,6
CAGATCTGATCCTGTA,1,27,6
CAGATCTGATTGAGGA,1,28,6
CAGATCTGCAACCACA,1,29,6
CAGATCTGGACTAGTA,1,30,6
CAGATCTGCAATGGAA,1,31,6
CAGATCTGCACTTCGA,1,32,6
CAGATCTGCAGCGTTA,1,33,6
CAGATCTGCATACCAA,1,34,6
CAGATCTGCCAGTTCA,1,35,6
CAGATCTGCCGAAGTA,1,36,6
CAGATCTGCCGTGAGA,1,37,6
CAGATCTGCCTCCTGA,1,38,6
CAGATCTGCGAACTTA,1,39,6
CAGATCTGCGACTGGA,1,40,6
CAGATCTGCGCATACA,1,41,6
CAGATCTGCTCAATGA,1,42,6
CAGATCTGCTGAGCCA,1,43,6
CAGATCTGCTGGCATA,1,44,6
CAGATCTGGAATCTGA,1,45,6
CAGATCTGCAAGACTA,1,46,6
CAGATCTGGAGCTGAA,1,47,6
CAGATCTGGATAGACA,1,48,6
CAGATCTGGCCACATA,1,49,6
CATCAAGTAACGTGAT,1,0,7
CATCAAGTGCGAGTAA,1,1,7
CATCAAGTATGCCTAA,1,2,7
CATCAAGTGCTAACGA,1,3,7
CATCAAGTACCACTGT,1,4,7
CATCAAGTACATTGGC,1,5,7
CATCAAGTCAGATCTG,1,6,7
CATCAAGTCATCAAGT,1,7,7
CATCAAGTCGCTGATC,1,8,7
CATCAAGTACAAGCTA,1,9,7
CATCAAGTCTGTAGCC,1,10,7
CATCAAGTAGTACAAG,1,11,7
CATCAAGTAACAACCA,1,12,7
CATCAAGTAACCGAGA,1,13,7
CATCAAGTAACGCTTA,1,14,7
CATCAAGTAAGACGGA,1,15,7
CATCAAGTAAGGTACA,1,16,7
CATCAAGTACACAGAA,1,17,7
CATCAAGTACAGCAGA,1,18,7
CATCAAGTACCTCCAA,1,19,7
CATCAAGTACGCTCGA,1,20,7
CATCAAGTACGTATCA,1,21,7
CATCAAGTACTATGCA,1,22,7
CATCAAGTAGAGTCAA,1,23,7
CATCAAGTAGATCGCA,1,24,7
CATCAAGTAGCAGGAA,1,25,7
CATCAAGTAGTCACTA,1,26,7
CATCAAGTATCCTGTA,1,27,7
CATCAAGTATTGAGGA,1,28,7
CATCAAGTCAACCACA,1,29,7
CATCAAGTGACTAGTA,1,30,7
CATCAAGTCAATGGAA,1,31,7
CATCAAGTCACTTCGA,1,32,7
CATCAAGTCAGCGTTA,1,33,7
CATCAAGTCATACCAA,1,34,7
CATCAAGTCCAGTTCA,1,35,7
CATCAAGTCCGAAGTA,1,36,7
CATCAAGTCCGTGAGA,1,37,7
CATCAAGTCCTCCTGA,1,38,7
CATCAAGTCGAACTTA,1,39,7
CATCAAGTCGACTGGA,1,40,7
CATCAAGTCGCATACA,1,41,7
CATCAAGTCTCAATGA,1,42,7
CATCAAGTCTGAGCCA,1,43,7
CATCAAGTCTGGCATA,1,44,7
CATCAAGTGAATCTGA,1,45,7
CATCAAGTCAAGACTA,1,46,7
CATCAAGTGAGCTGAA,1,47,7
CATCAAGTGATAGACA,1,48,7
CATCAAGTGCCACATA,1,49,7
CGCTGATCAACGTGAT,1,0,8
CGCTGATCGCGAGTAA,1,1,8
CGCTGATCATGCCTAA,1,2,8
CGCTGATCGCTAACGA,1,3,8
CGCTGATCACCACTGT,1,4,8
CGCTGATCACATTGGC,1,5,8
CGCTGATCCAGATCTG,1,6,8
CGCTGATCCATCAAGT,1,7,8
CGCTGATCCGCTGATC,1,8,8
CGCTGATCACAAGCTA,1,9,8
CGCTGATCCTGTAGCC,1,10,8
CGCTGATCAGTACAAG,1,11,8
CGCTGATCAACAACCA,1,12,8
CGCTGATCAACCGAGA,1,13,8
CGCTGATCAACGCTTA,1,14,8
CGCTGATCAAGACGGA,1,15,8
CGCTGATCAAGGTACA,1,16,8
CGCTGATCACACAGAA,1,17,8
CGCTGATCACAGCAGA,1,18,8
CGCTGATCACCTCCAA,1,19,8
CGCTGATCACGCTCGA,1,20,8
CGCTGATCACGTATCA,1,21,8
CGCTGATCACTATGCA,1,22,8
CGCTGATCAGAGTCAA,1,23,8
CGCTGATCAGATCGCA,1,24,8
CGCTGATCAGCAGGAA,1,25,8
CGCTGATCAGTCACTA,1,26,8
CGCTGATCATCCTGTA,1,27,8
CGCTGATCATTGAGGA,1,28,8
CGCTGATCCAACCACA,1,29,8
CGCTGATCGACTAGTA,1,30,8
CGCTGATCCAATGGAA,1,31,8
CGCTGATCCACTTCGA,1,32,8
CGCTGATCCAGCGTTA,1,33,8
CGCTGATCCATACCAA,1,34,8
CGCTGATCCCAGTTCA,1,35,8
CGCTGATCCCGAAGTA,1,36,8
CGCTGATCCCGTGAGA,1,37,8
CGCTGATCCCTCCTGA,1,38,8
CGCTGATCCGAACTTA,1,39,8
CGCTGATCCGACTGGA,1,40,8
CGCTGATCCGCATACA,1,41,8
CGCTGATCCTCAATGA,1,42,8
CGCTGATCCTGAGCCA,1,43,8
CGCTGATCCTGGCATA,1,44,8
CGCTGATCGAATCTGA,1,45,8
CGCTGATCCAAGACTA,1,46,8
CGCTGATCGAGCTGAA,1,47,8
CGCTGATCGATAGACA,1,48,8
CGCTGATCGCCACATA,1,49,8
ACAAGCTAAACGTGAT,1,0,9
ACAAGCTAGCGAGTAA,1,1,9
ACAAGCTAATGCCTAA,1,2,9
ACAAGCTAGCTAACGA,1,3,9
ACAAGCTAACCACTGT,1,4,9
ACAAGCTAACATTGGC,1,5,9
ACAAGCTACAGATCTG,1,6,9
ACAAGCTACATCAAGT,1,7,9
ACAAGCTACGCTGATC,1,8,9
ACAAGCTAACAAGCTA,1,9,9
ACAAGCTACTGTAGCC,1,10,9
ACAAGCTAAGTACAAG,1,11,9
ACAAGCTAAACAACCA,1,12,9
ACAAGCTAAACCGAGA,1,13,9
ACAAGCTAAACGCTTA,1,14,9
ACAAGCTAAAGACGGA,1,15,9
ACAAGCTAAAGGTACA,1,16,9
ACAAGCTAACACAGAA,1,17,9
ACAAGCTAACAGCAGA,1,18,9
ACAAGCTAACCTCCAA,1,19,9
ACAAGCTAACGCTCGA,1,20,9
ACAAGCTAACGTATCA,1,21,9
ACAAGCTAACTATGCA,1,22,9
ACAAGCTAAGAGTCAA,1,23,9
ACAAGCTAAGATCGCA,1,24,9
ACAAGCTAAGCAGGAA,1,25,9
ACAAGCTAAGTCACTA,1,26,9
ACAAGCTAATCCTGTA,1,27,9
ACAAGCTAATTGAGGA,1,28,9
ACAAGCTACAACCACA,1,29,9
ACAAGCTAGACTAGTA,1,30,9
ACAAGCTACAATGGAA,1,31,9
ACAAGCTACACTTCGA,1,32,9
ACAAGCTACAGCGTTA,1,33,9
ACAAGCTACATACCAA,1,34,9
ACAAGCTACCAGTTCA,1,35,9
ACAAGCTACCGAAGTA,1,36,9
ACAAGCTACCGTGAGA,1,37,9
ACAAGCTACCTCCTGA,1,38,9
ACAAGCTACGAACTTA,1,39,9
ACAAGCTACGACTGGA,1,40,9
ACAAGCTACGCATACA,1,41,9
ACAAGCTACTCAATGA,1,42,9
ACAAGCTACTGAGCCA,1,43,9
ACAAGCTACTGGCATA,1,44,9
ACAAGCTAGAATCTGA,1,45,9
ACAAGCTACAAGACTA,1,46,9
ACAAGCTAGAGCTGAA,1,47,9
ACAAGCTAGATAGACA,1,48,9
ACAAGCTAGCCACATA,1,49,9
CTGTAGCCAACGTGAT,1,0,10
CTGTAGCCGCGAGTAA,1,1,10
CTGTAGCCATGCCTAA,1,2,10
CTGTAGCCGCTAACGA,1,3,10
CTGTAGCCACCACTGT,1,4,10
CTGTAGCCACATTGGC,1,5,10
CTGTAGCCCAGATCTG,1,6,10
CTGTAGCCCATCAAGT,1,7,10
CTGTAGCCCGCTGATC,1,8,10
CTGTAGCCACAAGCTA,1,9,10
CTGTAGCCCTGTAGCC,1,10,10
CTGTAGCCAGTACAAG,1,11,10
CTGTAGCCAACAACCA,1,12,10
CTGTAGCCAACCGAGA,1,13,10
CTGTAGCCAACGCTTA,1,14,10
CTGTAGCCAAGACGGA,1,15,10
CTGTAGCCAAGGTACA,1,16,10
CTGTAGCCACACAGAA,1,17,10
CTGTAGCCACAGCAGA,1,18,10
CTGTAGCCACCTCCAA,1,19,10
CTGTAGCCACGCTCGA,1,20,10
CTGTAGCCACGTATCA,1,21,10
CTGTAGCCACTATGCA,1,22,10
CTGTAGCCAGAGTCAA,1,23,10
CTGTAGCCAGATCGCA,1,24,10
CTGTAGCCAGCAGGAA,1,25,10
CTGTAGCCAGTCACTA,1,26,10
CTGTAGCCATCCTGTA,1,27,10
CTGTAGCCATTGAGGA,1,28,10
CTGTAGCCCAACCACA,1,29,10
CTGTAGCCGACTAGTA,1,30,10
CTGTAGCCCAATGGAA,1,31,10
CTGTAGCCCACTTCGA,1,32,10
CTGTAGCCCAGCGTTA,1,33,10
CTGTAGCCCATACCAA,1,34,10
CTGTAGCCCCAGTTCA,1,35,10
CTGTAGCCCCGAAGTA,1,36,10
CTGTAGCCCCGTGAGA,1,37,10
CTGTAGCCCCTCCTGA,1,38,10
CTGTAGCCCGAACTTA,1,39,10
CTGTAGCCCGACTGGA,1,40,10
CTGTAGCCCGCATACA,1,41,10
CTGTAGCCCTCAATGA,1,42,10
CTGTAGCCCTGAGCCA,1,43,10
CTGTAGCCCTGGCATA,1,44,10
CTGTAGCCGAATCTGA,1,45,10
CTGTAGCCCAAGACTA,1,46,10
CTGTAGCCGAGCTGAA,1,47,10
CTGTAGCCGATAGACA,1,48,10
CTGTAGCCGCCACATA,1,49,10
AGTACAAGAACGTGAT,1,0,11
AGTACAAGGCGAGTAA,1,1,11
AGTACAAGATGCCTAA,1,2,11
AGTACAAGGCTAACGA,1,3,11
AGTACAAGACCACTGT,1,4,11
AGTACAAGACATTGGC,1,5,11
AGTACAAGCAGATCTG,1,6,11
AGTACAAGCATCAAGT,1,7,11
AGTACAAGCGCTGATC,1,8,11
AGTACAAGACAAGCTA,1,9,11
AGTACAAGCTGTAGCC,1,10,11
AGTACAAGAGTACAAG,1,11,11
AGTACAAGAACAACCA,1,12,11
AGTACAAGAACCGAGA,1,13,11
AGTACAAGAACGCTTA,1,14,11
AGTACAAGAAGACGGA,1,15,11
AGTACAAGAAGGTACA,1,16,11
AGTACAAGACACAGAA,1,17,11
AGTACAAGACAGCAGA,1,18,11
AGTACAAGACCTCCAA,1,19,11
AGTACAAGACGCTCGA,1,20,11
AGTACAAGACGTATCA,1,21,11
AGTACAAGACTATGCA,1,22,11
AGTACAAGAGAGTCAA,1,23,11
AGTACAAGAGATCGCA,1,24,11
AGTACAAGAGCAGGAA,1,25,11
AGTACAAGAGTCACTA,1,26,11
AGTACAAGATCCTGTA,1,27,11
AGTACAAGATTGAGGA,1,28,11
AGTACAAGCAACCACA,1,29,11
AGTACAAGGACTAGTA,1,30,11
AGTACAAGCAATGGAA,1,31,11
AGTACAAGCACTTCGA,1,32,11
AGTACAAGCAGCGTTA,1,33,11
AGTACAAGCATACCAA,1,34,11
AGTACAAGCCAGTTCA,1,35,11
AGTACAAGCCGAAGTA,1,36,11
AGTACAAGCCGTGAGA,1,37,11
AGTACAAGCCTCCTGA,1,38,11
AGTACAAGCGAACTTA,1,39,11
AGTACAAGCGACTGGA,1,40,11
AGTACAAGCGCATACA,1,41,11
AGTACAAGCTCAATGA,1,42,11
AGTACAAGCTGAGCCA,1,43,11
AGTACAAGCTGGCATA,1,44,11
AGTACAAGGAATCTGA,1,45,11
AGTACAAGCAAGACTA,1,46,11
AGTACAAGGAGCTGAA,1,47,11
AGTACAAGGATAGACA,1,48,11
AGTACAAGGCCACATA,1,49,11
AACAACCAAACGTGAT,1,0,12
AACAACCAGCGAGTAA,1,1,12
AACAACCAATGCCTAA,1,2,12
AACAACCAGCTAACGA,1,3,12
AACAACCAACCACTGT,1,4,12
AACAACCAACATTGGC,1,5,12
AACAACCACAGATCTG,1,6,12
AACAACCACATCAAGT,1,7,12
AACAACCACGCTGATC,1,8,12
AACAACCAACAAGCTA,1,9,12
AACAACCACTGTAGCC,1,10,12
AACAACCAAGTACAAG,1,11,12
AACAACCAAACAACCA,1,12,12
AACAACCAAACCGAGA,1,13,12
AACAACCAAACGCTTA,1,14,12
AACAACCAAAGACGGA,1,15,12
AACAACCAAAGGTACA,1,16,12
AACAACCAACACAGAA,1,17,12
AACAACCAACAGCAGA,1,18,12
AACAACCAACCTCCAA,1,19,12
AACAACCAACGCTCGA,1,20,12
AACAACCAACGTATCA,1,21,12
AACAACCAACTATGCA,1,22,12
AACAACCAAGAGTCAA,1,23,12
AACAACCAAGATCGCA,1,24,12
AACAACCAAGCAGGAA,1,25,12
AACAACCAAGTCACTA,1,26,12
AACAACCAATCCTGTA,1,27,12
AACAACCAATTGAGGA,1,28,12
AACAACCACAACCACA,1,29,12
AACAACCAGACTAGTA,1,30,12
AACAACCACAATGGAA,1,31,12
AACAACCACACTTCGA,1,32,12
AACAACCACAGCGTTA,1,33,12
AACAACCACATACCAA,1,34,12
AACAACCACCAGTTCA,1,35,12
AACAACCACCGAAGTA,1,36,12
AACAACCACCGTGAGA,1,37,12
AACAACCACCTCCTGA,1,38,12
AACAACCACGAACTTA,1,39,12
AACAACCACGACTGGA,1,40,12
AACAACCACGCATACA,1,41,12
AACAACCACTCAATGA,1,42,12
AACAACCACTGAGCCA,1,43,12
AACAACCACTGGCATA,1,44,12
AACAACCAGAATCTGA,1,45,12
AACAACCACAAGACTA,1,46,12
AACAACCAGAGCTGAA,1,47,12
AACAACCAGATAGACA,1,48,12
AACAACCAGCCACATA,1,49,12
AACCGAGAAACGTGAT,1,0,13
AACCGAGAGCGAGTAA,1,1,13
AACCGAGAATGCCTAA,1,2,13
AACCGAGAGCTAACGA,1,3,13
AACCGAGAACCACTGT,1,4,13
AACCGAGAACATTGGC,1,5,13
AACCGAGACAGATCTG,1,6,13
AACCGAGACATCAAGT,1,7,13
AACCGAGACGCTGATC,1,8,13
AACCGAGAACAAGCTA,1,9,13
AACCGAGACTGTAGCC,1,10,13
AACCGAGAAGTACAAG,1,11,13
AACCGAGAAACAACCA,1,12,13
AACCGAGAAACCGAGA,1,13,13
AACCGAGAAACGCTTA,1,14,13
AACCGAGAAAGACGGA,1,15,13
AACCGAGAAAGGTACA,1,16,13
AACCGAGAACACAGAA,1,17,13
AACCGAGAACAGCAGA,1,18,13
AACCGAGAACCTCCAA,1,19,13
AACCGAGAACGCTCGA,1,20,13
AACCGAGAACGTATCA,1,21,13
AACCGAGAACTATGCA,1,22,13
AACCGAGAAGAGTCAA,1,23,13
AACCGAGAAGATCGCA,1,24,13
AACCGAGAAGCAGGAA,1,25,13
AACCGAGAAGTCACTA,1,26,13
AACCGAGAATCCTGTA,1,27,13
AACCGAGAATTGAGGA,1,28,13
AACCGAGACAACCACA,1,29,13
AACCGAGAGACTAGTA,1,30,13
AACCGAGACAATGGAA,1,31,13
AACCGAGACACTTCGA,1,32,13
AACCGAGACAGCGTTA,1,33,13
AACCGAGACATACCAA,1,34,13
AACCGAGACCAGTTCA,1,35,13
AACCGAGACCGAAGTA,1,36,13
AACCGAGACCGTGAGA,1,37,13
AACCGAGACCTCCTGA,1,38,13
AACCGAGACGAACTTA,1,39,13
AACCGAGACGACTGGA,1,40,13
AACCGAGACGCATACA,1,41,13
AACCGAGACTCAATGA,1,42,13
AACCGAGACTGAGCCA,1,43,13
AACCGAGACTGGCATA,1,44,13
AACCGAGAGAATCTGA,1,45,13
AACCGAGACAAGACTA,1,46,13
AACCGAGAGAGCTGAA,1,47,13
AACCGAGAGATAGACA,1,48,13
AACCGAGAGCCACATA,1,49,13
AACGCTTAAACGTGAT,1,0,14
AACGCTTAGCGAGTAA,1,1,14
AACGCTTAATGCCTAA,1,2,14
AACGCTTAGCTAACGA,1,3,14
AACGCTTAACCACTGT,1,4,14
AACGCTTAACATTGGC,1,5,14
AACGCTTACAGATCTG,1,6,14
AACGCTTACATCAAGT,1,7,14
AACGCTTACGCTGATC,1,8,14
AACGCTTAACAAGCTA,1,9,14
AACGCTTACTGTAGCC,1,10,14
AACGCTTAAGTACAAG,1,11,14
AACGCTTAAACAACCA,1,12,14
AACGCTTAAACCGAGA,1,13,14
AACGCTTAAACGCTTA,1,14,14
AACGCTTAAAGACGGA,1,15,14
AACGCTTAAAGGTACA,1,16,14
AACGCTTAACACAGAA,1,17,14
AACGCTTAACAGCAGA,1,18,14
AACGCTTAACCTCCAA,1,19,14
AACGCTTAACGCTCGA,1,20,14
AACGCTTAACGTATCA,1,21,14
AACGCTTAACTATGCA,1,22,14
AACGCTTAAGAGTCAA,1,23,14
AACGCTTAAGATCGCA,1,24,14
AACGCTTAAGCAGGAA,1,25,14
AACGCTTAAGTCACTA,1,26,14
AACGCTTAATCCTGTA,1,27,14
AACGCTTAATTGAGGA,1,28,14
AACGCTTACAACCACA,1,29,14
AACGCTTAGACTAGTA,1,30,14
AACGCTTACAATGGAA,1,31,14
AACGCTTACACTTCGA,1,32,14
AACGCTTACAGCGTTA,1,33,14
AACGCTTACATACCAA,1,34,14
AACGCTTACCAGTTCA,1,35,14
AACGCTTACCGAAGTA,1,36,14
AACGCTTACCGTGAGA,1,37,14
AACGCTTACCTCCTGA,1,38,14
AACGCTTACGAACTTA,1,39,14
AACGCTTACGACTGGA,1,40,14
AACGCTTACGCATACA,1,41,14
AACGCTTACTCAATGA,1,42,14
AACGCTTACTGAGCCA,1,43,14
AACGCTTACTGGCATA,1,44,14
AACGCTTAGAATCTGA,1,45,14
AACGCTTACAAGACTA,1,46,14
AACGCTTAGAGCTGAA,1,47,14
AACGCTTAGATAGACA,1,48,14
AACGCTTAGCCACATA,1,49,14
AAGACGGAAACGTGAT,1,0,15
AAGACGGAGCGAGTAA,1,1,15
AAGACGGAATGCCTAA,1,2,15
AAGACGGAGCTAACGA,1,3,15
AAGACGGAACCACTGT,1,4,15
AAGACGGAACATTGGC,1,5,15
AAGACGGACAGATCTG,1,6,15
AAGACGGACATCAAGT,1,7,15
AAGACGGACGCTGATC,1,8,15
AAGACGGAACAAGCTA,1,9,15
AAGACGGACTGTAGCC,1,10,15
AAGACGGAAGTACAAG,1,11,15
AAGACGGAAACAACCA,1,12,15
AAGACGGAAACCGAGA,1,13,15
AAGACGGAAACGCTTA,1,14,15
AAGACGGAAAGACGGA,1,15,15
AAGACGGAAAGGTACA,1,16,15
AAGACGGAACACAGAA,1,17,15
AAGACGGAACAGCAGA,1,18,15
AAGACGGAACCTCCAA,1,19,15
AAGACGGAACGCTCGA,1,20,15
AAGACGGAACGTATCA,1,21,15
AAGACGGAACTATGCA,1,22,15
AAGACGGAAGAGTCAA,1,23,15
AAGACGGAAGATCGCA,1,24,15
AAGACGGAAGCAGGAA,1,25,15
AAGACGGAAGTCACTA,1,26,15
AAGACGGAATCCTGTA,1,27,15
AAGACGGAATTGAGGA,1,28,15
AAGACGGACAACCACA,1,29,15
AAGACGGAGACTAGTA,1,30,15
AAGACGGACAATGGAA,1,31,15
AAGACGGACACTTCGA,1,32,15
AAGACGGACAGCGTTA,1,33,15
AAGACGGACATACCAA,1,34,15
AAGACGGACCAGTTCA,1,35,15
AAGACGGACCGAAGTA,1,36,15
AAGACGGACCGTGAGA,1,37,15
AAGACGGACCTCCTGA,1,38,15
AAGACGGACGAACTTA,1,39,15
AAGACGGACGACTGGA,1,40,15
AAGACGGACGCATACA,1,41,15
AAGACGGACTCAATGA,1,42,15
AAGACGGACTGAGCCA,1,43,15
AAGACGGACTGGCATA,1,44,15
AAGACGGAGAATCTGA,1,45,15
AAGACGGACAAGACTA,1,46,15
AAGACGGAGAGCTGAA,1,47,15
AAGACGGAGATAGACA,1,48,15
AAGACGGAGCCACATA,1,49,15
AAGGTACAAACGTGAT,1,0,16
AAGGTACAGCGAGTAA,1,1,16
AAGGTACAATGCCTAA,1,2,16
AAGGTACAGCTAACGA,1,3,16
AAGGTACAACCACTGT,1,4,16
AAGGTACAACATTGGC,1,5,16
AAGGTACACAGATCTG,1,6,16
AAGGTACACATCAAGT,1,7,16
AAGGTACACGCTGATC,1,8,16
AAGGTACAACAAGCTA,1,9,16
AAGGTACACTGTAGCC,1,10,16
AAGGTACAAGTACAAG,1,11,16
AAGGTACAAACAACCA,1,12,16
AAGGTACAAACCGAGA,1,13,16
AAGGTACAAACGCTTA,1,14,16
AAGGTACAAAGACGGA,1,15,16
AAGGTACAAAGGTACA,1,16,16
AAGGTACAACACAGAA,1,17,16
AAGGTACAACAGCAGA,1,18,16
AAGGTACAACCTCCAA,1,19,16
AAGGTACAACGCTCGA,1,20,16
AAGGTACAACGTATCA,1,21,16
AAGGTACAACTATGCA,1,22,16
AAGGTACAAGAGTCAA,1,23,16
AAGGTACAAGATCGCA,1,24,16
AAGGTACAAGCAGGAA,1,25,16
AAGGTACAAGTCACTA,1,26,16
AAGGTACAATCCTGTA,1,27,16
AAGGTACAATTGAGGA,1,28,16
AAGGTACACAACCACA,1,29,16
AAGGTACAGACTAGTA,1,30,16
AAGGTACACAATGGAA,1,31,16
AAGGTACACACTTCGA,1,32,16
AAGGTACACAGCGTTA,1,33,16
AAGGTACACATACCAA,1,34,16
AAGGTACACCAGTTCA,1,35,16
AAGGTACACCGAAGTA,1,36,16
AAGGTACACCGTGAGA,1,37,16
AAGGTACACCTCCTGA,1,38,16
AAGGTACACGAACTTA,1,39,16
AAGGTACACGACTGGA,1,40,16
AAGGTACACGCATACA,1,41,16
AAGGTACACTCAATGA,1,42,16
AAGGTACACTGAGCCA,1,43,16
AAGGTACACTGGCATA,1,44,16
AAGGTACAGAATCTGA,1,45,16
AAGGTACACAAGACTA,1,46,16
AAGGTACAGAGCTGAA,1,47,16
AAGGTACAGATAGACA,1,48,16
AAGGTACAGCCACATA,1,49,16
ACACAGAAAACGTGAT,1,0,17
ACACAGAAGCGAGTAA,1,1,17
ACACAGAAATGCCTAA,1,2,17
ACACAGAAGCTAACGA,1,3,17
ACACAGAAACCACTGT,1,4,17
ACACAGAAACATTGGC,1,5,17
ACACAGAACAGATCTG,1,6,17
ACACAGAACATCAAGT,1,7,17
ACACAGAACGCTGATC,1,8,17
ACACAGAAACAAGCTA,1,9,17
ACACAGAACTGTAGCC,1,10,17
ACACAGAAAGTACAAG,1,11,17
ACACAGAAAACAACCA,1,12,17
ACACAGAAAACCGAGA,1,13,17
ACACAGAAAACGCTTA,1,14,17
ACACAGAAAAGACGGA,1,15,17
ACACAGAAAAGGTACA,1,16,17
ACACAGAAACACAGAA,1,17,17
ACACAGAAACAGCAGA,1,18,17
ACACAGAAACCTCCAA,1,19,17
ACACAGAAACGCTCGA,1,20,17
ACACAGAAACGTATCA,1,21,17
ACACAGAAACTATGCA,1,22,17
ACACAGAAAGAGTCAA,1,23,17
ACACAGAAAGATCGCA,1,24,17
ACACAGAAAGCAGGAA,1,25,17
ACACAGAAAGTCACTA,1,26,17
ACACAGAAATCCTGTA,1,27,17
ACACAGAAATTGAGGA,1,28,17
ACACAGAACAACCACA,1,29,17
ACACAGAAGACTAGTA,1,30,17
ACACAGAACAATGGAA,1,31,17
ACACAGAACACTTCGA,1,32,17
ACACAGAACAGCGTTA,1,33,17
ACACAGAACATACCAA,1,34,17
ACACAGAACCAGTTCA,1,35,17
ACACAGAACCGAAGTA,1,36,17
ACACAGAACCGTGAGA,1,37,17
ACACAGAACCTCCTGA,1,38,17
ACACAGAACGAACTTA,1,39,17
ACACAGAACGACTGGA,1,40,17
ACACAGAACGCATACA,1,41,17
ACACAGAACTCAATGA,1,42,17
ACACAGAACTGAGCCA,1,43,17
ACACAGAACTGGCATA,1,44,17
ACACAGAAGAATCTGA,1,45,17
ACACAGAACAAGACTA,1,46,17
ACACAGAAGAGCTGAA,1,47,17
ACACAGAAGATAGACA,1,48,17
ACACAGAAGCCACATA,1,49,17
ACAGCAGAAACGTGAT,1,0,18
ACAGCAGAGCGAGTAA,1,1,18
ACAGCAGAATGCCTAA,1,2,18
ACAGCAGAGCTAACGA,1,3,18
ACAGCAGAACCACTGT,1,4,18
ACAGCAGAACATTGGC,1,5,18
ACAGCAGACAGATCTG,1,6,18
ACAGCAGACATCAAGT,1,7,18
ACAGCAGACGCTGATC,1,8,18
ACAGCAGAACAAGCTA,1,9,18
ACAGCAGACTGTAGCC,1,10,18
ACAGCAGAAGTACAAG,1,11,18
ACAGCAGAAACAACCA,1,12,18
ACAGCAGAAACCGAGA,1,13,18
ACAGCAGAAACGCTTA,1,14,18
ACAGCAGAAAGACGGA,1,15,18
ACAGCAGAAAGGTACA,1,16,18
ACAGCAGAACACAGAA,1,17,18
ACAGCAGAACAGCAGA,1,18,18
ACAGCAGAACCTCCAA,1,19,18
ACAGCAGAACGCTCGA,1,20,18
ACAGCAGAACGTATCA,1,21,18
ACAGCAGAACTATGCA,1,22,18
ACAGCAGAAGAGTCAA,1,23,18
ACAGCAGAAGATCGCA,1,24,18
ACAGCAGAAGCAGGAA,1,25,18
ACAGCAGAAGTCACTA,1,26,18
ACAGCAGAATCCTGTA,1,27,18
ACAGCAGAATTGAGGA,1,28,18
ACAGCAGACAACCACA,1,29,18
ACAGCAGAGACTAGTA,1,30,18
ACAGCAGACAATGGAA,1,31,18
ACAGCAGACACTTCGA,1,32,18
ACAGCAGACAGCGTTA,1,33,18
ACAGCAGACATACCAA,1,34,18
ACAGCAGACCAGTTCA,1,35,18
ACAGCAGACCGAAGTA,1,36,18
ACAGCAGACCGTGAGA,1,37,18
ACAGCAGACCTCCTGA,1,38,18
ACAGCAGACGAACTTA,1,39,18
ACAGCAGACGACTGGA,1,40,18
ACAGCAGACGCATACA,1,41,18
ACAGCAGACTCAATGA,1,42,18
ACAGCAGACTGAGCCA,1,43,18
ACAGCAGACTGGCATA,1,44,18
ACAGCAGAGAATCTGA,1,45,18
ACAGCAGACAAGACTA,1,46,18
ACAGCAGAGAGCTGAA,1,47,18
ACAGCAGAGATAGACA,1,48,18
ACAGCAGAGCCACATA,1,49,18
ACCTCCAAAACGTGAT,1,0,19
ACCTCCAAGCGAGTAA,1,1,19
ACCTCCAAATGCCTAA,1,2,19
ACCTCCAAGCTAACGA,1,3,19
ACCTCCAAACCACTGT,1,4,19
ACCTCCAAACATTGGC,1,5,19
ACCTCCAACAGATCTG,1,6,19
ACCTCCAACATCAAGT,1,7,19
ACCTCCAACGCTGATC,1,8,19
ACCTCCAAACAAGCTA,1,9,19
ACCTCCAACTGTAGCC,1,10,19
ACCTCCAAAGTACAAG,1,11,19
ACCTCCAAAACAACCA,1,12,19
ACCTCCAAAACCGAGA,1,13,19
ACCTCCAAAACGCTTA,1,14,19
ACCTCCAAAAGACGGA,1,15,19
ACCTCCAAAAGGTACA,1,16,19
ACCTCCAAACACAGAA,1,17,19
ACCTCCAAACAGCAGA,1,18,19
ACCTCCAAACCTCCAA,1,19,19
ACCTCCAAACGCTCGA,1,20,19
ACCTCCAAACGTATCA,1,21,19
ACCTCCAAACTATGCA,1,22,19
ACCTCCAAAGAGTCAA,1,23,19
ACCTCCAAAGATCGCA,1,24,19
ACCTCCAAAGCAGGAA,1,25,19
ACCTCCAAAGTCACTA,1,26,19
ACCTCCAAATCCTGTA,1,27,19
ACCTCCAAATTGAGGA,1,28,19
ACCTCCAACAACCACA,1,29,19
ACCTCCAAGACTAGTA,1,30,19
ACCTCCAACAATGGAA,1,31,19
ACCTCCAACACTTCGA,1,32,19
ACCTCCAACAGCGTTA,1,33,19
ACCTCCAACATACCAA,1,34,19
ACCTCCAACCAGTTCA,1,35,19
ACCTCCAACCGAAGTA,1,36,19
ACCTCCAACCGTGAGA,1,37,19
ACCTCCAACCTCCTGA,1,38,19
ACCTCCAACGAACTTA,1,39,19
ACCTCCAACGACTGGA,1,40,19
ACCTCCAACGCATACA,1,41,19
ACCTCCAACTCAATGA,1,42,19
ACCTCCAACTGAGCCA,1,43,19
ACCTCCAACTGGCATA,1,44,19
ACCTCCAAGAATCTGA,1,45,19
ACCTCCAACAAGACTA,1,46,19
ACCTCCAAGAGCTGAA,1,47,19
ACCTCCAAGATAGACA,1,48,19
ACCTCCAAGCCACATA,1,49,19
ACGCTCGAAACGTGAT,1,0,20
ACGCTCGAGCGAGTAA,1,1,20
ACGCTCGAATGCCTAA,1,2,20
ACGCTCGAGCTAACGA,1,3,20
ACGCTCGAACCACTGT,1,4,20
ACGCTCGAACATTGGC,1,5,20
ACGCTCGACAGATCTG,1,6,20
ACGCTCGACATCAAGT,1,7,20
ACGCTCGACGCTGATC,1,8,20
ACGCTCGAACAAGCTA,1,9,20
ACGCTCGACTGTAGCC,1,10,20
ACGCTCGAAGTACAAG,1,11,20
ACGCTCGAAACAACCA,1,12,20
ACGCTCGAAACCGAGA,1,13,20
ACGCTCGAAACGCTTA,1,14,20
ACGCTCGAAAGACGGA,1,15,20
ACGCTCGAAAGGTACA,1,16,20
ACGCTCGAACACAGAA,1,17,20
ACGCTCGAACAGCAGA,1,18,20
ACGCTCGAACCTCCAA,1,19,20
ACGCTCGAACGCTCGA,1,20,20
ACGCTCGAACGTATCA,1,21,20
ACGCTCGAACTATGCA,1,22,20
ACGCTCGAAGAGTCAA,1,23,20
ACGCTCGAAGATCGCA,1,24,20
ACGCTCGAAGCAGGAA,1,25,20
ACGCTCGAAGTCACTA,1,26,20
ACGCTCGAATCCTGTA,1,27,20
ACGCTCGAATTGAGGA,1,28,20
ACGCTCGACAACCACA,1,29,20
ACGCTCGAGACTAGTA,1,30,20
ACGCTCGACAATGGAA,1,31,20
ACGCTCGACACTTCGA,1,32,20
ACGCTCGACAGCGTTA,1,33,20
ACGCTCGACATACCAA,1,34,20
ACGCTCGACCAGTTCA,1,35,20
ACGCTCGACCGAAGTA,1,36,20
ACGCTCGACCGTGAGA,1,37,20
ACGCTCGACCTCCTGA,1,38,20
ACGCTCGACGAACTTA,1,39,20
ACGCTCGACGACTGGA,1,40,20
ACGCTCGACGCATACA,1,41,20
ACGCTCGACTCAATGA,1,42,20
ACGCTCGACTGAGCCA,1,43,20
ACGCTCGACTGGCATA,1,44,20
ACGCTCGAGAATCTGA,1,45,20
ACGCTCGACAAGACTA,1,46,20
ACGCTCGAGAGCTGAA,1,47,20
ACGCTCGAGATAGACA,1,48,20
ACGCTCGAGCCACATA,1,49,20
ACGTATCAAACGTGAT,1,0,21
ACGTATCAGCGAGTAA,1,1,21
ACGTATCAATGCCTAA,1,2,21
ACGTATCAGCTAACGA,1,3,21
ACGTATCAACCACTGT,1,4,21
ACGTATCAACATTGGC,1,5,21
ACGTATCACAGATCTG,1,6,21
ACGTATCACATCAAGT,1,7,21
ACGTATCACGCTGATC,1,8,21
ACGTATCAACAAGCTA,1,9,21
ACGTATCACTGTAGCC,1,10,21
ACGTATCAAGTACAAG,1,11,21
ACGTATCAAACAACCA,1,12,21
ACGTATCAAACCGAGA,1,13,21
ACGTATCAAACGCTTA,1,14,21
ACGTATCAAAGACGGA,1,15,21
ACGTATCAAAGGTACA,1,16,21
ACGTATCAACACAGAA,1,17,21
ACGTATCAACAGCAGA,1,18,21
ACGTATCAACCTCCAA,1,19,21
ACGTATCAACGCTCGA,1,20,21
ACGTATCAACGTATCA,1,21,21
ACGTATCAACTATGCA,1,22,21
ACGTATCAAGAGTCAA,1,23,21
ACGTATCAAGATCGCA,1,24,21
ACGTATCAAGCAGGAA,1,25,21
ACGTATCAAGTCACTA,1,26,21
ACGTATCAATCCTGTA,1,27,21
ACGTATCAATTGAGGA,1,28,21
ACGTATCACAACCACA,1,29,21
ACGTATCAGACTAGTA,1,30,21
ACGTATCACAATGGAA,1,31,21
ACGTATCACACTTCGA,1,32,21
ACGTATCACAGCGTTA,1,33,21
ACGTATCACATACCAA,1,34,21
ACGTATCACCAGTTCA,1,35,21
ACGTATCACCGAAGTA,1,36,21
ACGTATCACCGTGAGA,1,37,21
ACGTATCACCTCCTGA,1,38,21
ACGTATCACGAACTTA,1,39,21
ACGTATCACGACTGGA,1,40,21
ACGTATCACGCATACA,1,41,21
ACGTATCACTCAATGA,1,42,21
ACGTATCACTGAGCCA,1,43,21
ACGTATCACTGGCATA,1,44,21
ACGTATCAGAATCTGA,1,45,21
ACGTATCACAAGACTA,1,46,21
ACGTATCAGAGCTGAA,1,47,21
ACGTATCAGATAGACA,1,48,21
ACGTATCAGCCACATA,1,49,21
ACTATGCAAACGTGAT,1,0,22
ACTATGCAGCGAGTAA,1,1,22
ACTATGCAATGCCTAA,1,2,22
ACTATGCAGCTAACGA,1,3,22
ACTATGCAACCACTGT,1,4,22
ACTATGCAACATTGGC,1,5,22
ACTATGCACAGATCTG,1,6,22
ACTATGCACATCAAGT,1,7,22
ACTATGCACGCTGATC,1,8,22
ACTATGCAACAAGCTA,1,9,22
ACTATGCACTGTAGCC,1,10,22
ACTATGCAAGTACAAG,1,11,22
ACTATGCAAACAACCA,1,12,22
ACTATGCAAACCGAGA,1,13,22
ACTATGCAAACGCTTA,1,14,22
ACTATGCAAAGACGGA,1,15,22
ACTATGCAAAGGTACA,1,16,22
ACTATGCAACACAGAA,1,17,22
ACTATGCAACAGCAGA,1,18,22
ACTATGCAACCTCCAA,1,19,22
ACTATGCAACGCTCGA,1,20,22
ACTATGCAACGTATCA,1,21,22
ACTATGCAACTATGCA,1,22,22
ACTATGCAAGAGTCAA,1,23,22
ACTATGCAAGATCGCA,1,24,22
ACTATGCAAGCAGGAA,1,25,22
ACTATGCAAGTCACTA,1,26,22
ACTATGCAATCCTGTA,1,27,22
ACTATGCAATTGAGGA,1,28,22
ACTATGCACAACCACA,1,29,22
ACTATGCAGACTAGTA,1,30,22
ACTATGCACAATGGAA,1,31,22
ACTATGCACACTTCGA,1,32,22
ACTATGCACAGCGTTA,1,33,22
ACTATGCACATACCAA,1,34,22
ACTATGCACCAGTTCA,1,35,22
ACTATGCACCGAAGTA,1,36,22
ACTATGCACCGTGAGA,1,37,22
ACTATGCACCTCCTGA,1,38,22
ACTATGCACGAACTTA,1,39,22
ACTATGCACGACTGGA,1,40,22
ACTATGCACGCATACA,1,41,22
ACTATGCACTCAATGA,1,42,22
ACTATGCACTGAGCCA,1,43,22
ACTATGCACTGGCATA,1,44,22
ACTATGCAGAATCTGA,1,45,22
ACTATGCACAAGACTA,1,46,22
ACTATGCAGAGCTGAA,1,47,22
ACTATGCAGATAGACA,1,48,22
ACTATGCAGCCACATA,1,49,22
AGAGTCAAAACGTGAT,1,0,23
AGAGTCAAGCGAGTAA,1,1,23
AGAGTCAAATGCCTAA,1,2,23
AGAGTCAAGCTAACGA,1,3,23
AGAGTCAAACCACTGT,1,4,23
AGAGTCAAACATTGGC,1,5,23
AGAGTCAACAGATCTG,1,6,23
AGAGTCAACATCAAGT,1,7,23
AGAGTCAACGCTGATC,1,8,23
AGAGTCAAACAAGCTA,1,9,23
AGAGTCAACTGTAGCC,1,10,23
AGAGTCAAAGTACAAG,1,11,23
AGAGTCAAAACAACCA,1,12,23
AGAGTCAAAACCGAGA,1,13,23
AGAGTCAAAACGCTTA,1,14,23
AGAGTCAAAAGACGGA,1,15,23
AGAGTCAAAAGGTACA,1,16,23
AGAGTCAAACACAGAA,1,17,23
AGAGTCAAACAGCAGA,1,18,23
AGAGTCAAACCTCCAA,1,19,23
AGAGTCAAACGCTCGA,1,20,23
AGAGTCAAACGTATCA,1,21,23
AGAGTCAAACTATGCA,1,22,23
AGAGTCAAAGAGTCAA,1,23,23
AGAGTCAAAGATCGCA,1,24,23
AGAGTCAAAGCAGGAA,1,25,23
AGAGTCAAAGTCACTA,1,26,23
AGAGTCAAATCCTGTA,1,27,23
AGAGTCAAATTGAGGA,1,28,23
AGAGTCAACAACCACA,1,29,23
AGAGTCAAGACTAGTA,1,30,23
AGAGTCAACAATGGAA,1,31,23
AGAGTCAACACTTCGA,1,32,23
AGAGTCAACAGCGTTA,1,33,23
AGAGTCAACATACCAA,1,34,23
AGAGTCAACCAGTTCA,1,35,23
AGAGTCAACCGAAGTA,1,36,23
AGAGTCAACCGTGAGA,1,37,23
AGAGTCAACCTCCTGA,1,38,23
AGAGTCAACGAACTTA,1,39,23
AGAGTCAACGACTGGA,1,40,23
AGAGTCAACGCATACA,1,41,23
AGAGTCAACTCAATGA,1,42,23
AGAGTCAACTGAGCCA,1,43,23
AGAGTCAACTGGCATA,1,44,23
AGAGTCAAGAATCTGA,1,45,23
AGAGTCAACAAGACTA,1,46,23
AGAGTCAAGAGCTGAA,1,47,23
AGAGTCAAGATAGACA,1,48,23
AGAGTCAAGCCACATA,1,49,23
AGATCGCAAACGTGAT,1,0,24
AGATCGCAGCGAGTAA,1,1,24
AGATCGCAATGCCTAA,1,2,24
AGATCGCAGCTAACGA,1,3,24
AGATCGCAACCACTGT,1,4,24
AGATCGCAACATTGGC,1,5,24
AGATCGCACAGATCTG,1,6,24
AGATCGCACATCAAGT,1,7,24
AGATCGCACGCTGATC,1,8,24
AGATCGCAACAAGCTA,1,9,24
AGATCGCACTGTAGCC,1,10,24
AGATCGCAAGTACAAG,1,11,24
AGATCGCAAACAACCA,1,12,24
AGATCGCAAACCGAGA,1,13,24
AGATCGCAAACGCTTA,1,14,24
AGATCGCAAAGACGGA,1,15,24
AGATCGCAAAGGTACA,1,16,24
AGATCGCAACACAGAA,1,17,24
AGATCGCAACAGCAGA,1,18,24
AGATCGCAACCTCCAA,1,19,24
AGATCGCAACGCTCGA,1,20,24
AGATCGCAACGTATCA,1,21,24
AGATCGCAACTATGCA,1,22,24
AGATCGCAAGAGTCAA,1,23,24
AGATCGCAAGATCGCA,1,24,24
AGATCGCAAGCAGGAA,1,25,24
AGATCGCAAGTCACTA,1,26,24
AGATCGCAATCCTGTA,1,27,24
AGATCGCAATTGAGGA,1,28,24
AGATCGCACAACCACA,1,29,24
AGATCGCAGACTAGTA,1,30,24
AGATCGCACAATGGAA,1,31,24
AGATCGCACACTTCGA,1,32,24
AGATCGCACAGCGTTA,1,33,24
AGATCGCACATACCAA,1,34,24
AGATCGCACCAGTTCA,1,35,24
AGATCGCACCGAAGTA,1,36,24
AGATCGCACCGTGAGA,1,37,24
AGATCGCACCTCCTGA,1,38,24
AGATCGCACGAACTTA,1,39,24
AGATCGCACGACTGGA,1,40,24
AGATCGCACGCATACA,1,41,24
AGATCGCACTCAATGA,1,42,24
AGATCGCACTGAGCCA,1,43,24
AGATCGCACTGGCATA,1,44,24
AGATCGCAGAATCTGA,1,45,24
AGATCGCACAAGACTA,1,46,24
AGATCGCAGAGCTGAA,1,47,24
AGATCGCAGATAGACA,1,48,24
AGATCGCAGCCACATA,1,49,24
AGCAGGAAAACGTGAT,1,0,25
AGCAGGAAGCGAGTAA,1,1,25
AGCAGGAAATGCCTAA,1,2,25
AGCAGGAAGCTAACGA,1,3,25
AGCAGGAAACCACTGT,1,4,25
AGCAGGAAACATTGGC,1,5,25
AGCAGGAACAGATCTG,1,6,25
AGCAGGAACATCAAGT,1,7,25
AGCAGGAACGCTGATC,1,8,25
AGCAGGAAACAAGCTA,1,9,25
AGCAGGAACTGTAGCC,1,10,25
AGCAGGAAAGTACAAG,1,11,25
AGCAGGAAAACAACCA,1,12,25
AGCAGGAAAACCGAGA,1,13,25
AGCAGGAAAACGCTTA,1,14,25
AGCAGGAAAAGACGGA,1,15,25
AGCAGGAAAAGGTACA,1,16,25
AGCAGGAAACACAGAA,1,17,25
AGCAGGAAACAGCAGA,1,18,25
AGCAGGAAACCTCCAA,1,19,25
AGCAGGAAACGCTCGA,1,20,25
AGCAGGAAACGTATCA,1,21,25
AGCAGGAAACTATGCA,1,22,25
AGCAGGAAAGAGTCAA,1,23,25
AGCAGGAAAGATCGCA,1,24,25
AGCAGGAAAGCAGGAA,1,25,25
AGCAGGAAAGTCACTA,1,26,25
AGCAGGAAATCCTGTA,1,27,25
AGCAGGAAATTGAGGA,1,28,25
AGCAGGAACAACCACA,1,29,25
AGCAGGAAGACTAGTA,1,30,25
AGCAGGAACAATGGAA,1,31,25
AGCAGGAACACTTCGA,1,32,25
AGCAGGAACAGCGTTA,1,33,25
AGCAGGAACATACCAA,1,34,25
AGCAGGAACCAGTTCA,1,35,25
AGCAGGAACCGAAGTA,1,36,25
AGCAGGAACCGTGAGA,1,37,25
AGCAGGAACCTCCTGA,1,38,25
AGCAGGAACGAACTTA,1,39,25
AGCAGGAACGACTGGA,1,40,25
AGCAGGAACGCATACA,1,41,25
AGCAGGAACTCAATGA,1,42,25
AGCAGGAACTGAGCCA,1,43,25
AGCAGGAACTGGCATA,1,44,25
AGCAGGAAGAATCTGA,1,45,25
AGCAGGAACAAGACTA,1,46,25
AGCAGGAAGAGCTGAA,1,47,25
AGCAGGAAGATAGACA,1,48,25
AGCAGGAAGCCACATA,1,49,25
AGTCACTAAACGTGAT,1,0,26
AGTCACTAGCGAGTAA,1,1,26
AGTCACTAATGCCTAA,1,2,26
AGTCACTAGCTAACGA,1,3,26
AGTCACTAACCACTGT,1,4,26
AGTCACTAACATTGGC,1,5,26
AGTCACTACAGATCTG,1,6,26
AGTCACTACATCAAGT,1,7,26
AGTCACTACGCTGATC,1,8,26
AGTCACTAACAAGCTA,1,9,26
AGTCACTACTGTAGCC,1,10,26
AGTCACTAAGTACAAG,1,11,26
AGTCACTAAACAACCA,1,12,26
AGTCACTAAACCGAGA,1,13,26
AGTCACTAAACGCTTA,1,14,26
AGTCACTAAAGACGGA,1,15,26
AGTCACTAAAGGTACA,1,16,26
AGTCACTAACACAGAA,1,17,26
AGTCACTAACAGCAGA,1,18,26
AGTCACTAACCTCCAA,1,19,26
AGTCACTAACGCTCGA,1,20,26
AGTCACTAACGTATCA,1,21,26
AGTCACTAACTATGCA,1,22,26
AGTCACTAAGAGTCAA,1,23,26
AGTCACTAAGATCGCA,1,24,26
AGTCACTAAGCAGGAA,1,25,26
AGTCACTAAGTCACTA,1,26,26
AGTCACTAATCCTGTA,1,27,26
AGTCACTAATTGAGGA,1,28,26
AGTCACTACAACCACA,1,29,26
AGTCACTAGACTAGTA,1,30,26
AGTCACTACAATGGAA,1,31,26
AGTCACTACACTTCGA,1,32,26
AGTCACTACAGCGTTA,1,33,26
AGTCACTACATACCAA,1,34,26
AGTCACTACCAGTTCA,1,35,26
AGTCACTACCGAAGTA,1,36,26
AGTCACTACCGTGAGA,1,37,26
AGTCACTACCTCCTGA,1,38,26
AGTCACTACGAACTTA,1,39,26
AGTCACTACGACTGGA,1,40,26
AGTCACTACGCATACA,1,41,26
AGTCACTACTCAATGA,1,42,26
AGTCACTACTGAGCCA,1,43,26
AGTCACTACTGGCATA,1,44,26
AGTCACTAGAATCTGA,1,45,26
AGTCACTACAAGACTA,1,46,26
AGTCACTAGAGCTGAA,1,47,26
AGTCACTAGATAGACA,1,48,26
AGTCACTAGCCACATA,1,49,26
ATCCTGTAAACGTGAT,1,0,27
ATCCTGTAGCGAGTAA,1,1,27
ATCCTGTAATGCCTAA,1,2,27
ATCCTGTAGCTAACGA,1,3,27
ATCCTGTAACCACTGT,1,4,27
ATCCTGTAACATTGGC,1,5,27
ATCCTGTACAGATCTG,1,6,27
ATCCTGTACATCAAGT,1,7,27
ATCCTGTACGCTGATC,1,8,27
ATCCTGTAACAAGCTA,1,9,27
ATCCTGTACTGTAGCC,1,10,27
ATCCTGTAAGTACAAG,1,11,27
ATCCTGTAAACAACCA,1,12,27
ATCCTGTAAACCGAGA,1,13,27
ATCCTGTAAACGCTTA,1,14,27
ATCCTGTAAAGACGGA,1,15,27
ATCCTGTAAAGGTACA,1,16,27
ATCCTGTAACACAGAA,1,17,27
ATCCTGTAACAGCAGA,1,18,27
ATCCTGTAACCTCCAA,1,19,27
ATCCTGTAACGCTCGA,1,20,27
ATCCTGTAACGTATCA,1,21,27
ATCCTGTAACTATGCA,1,22,27
ATCCTGTAAGAGTCAA,1,23,27
ATCCTGTAAGATCGCA,1,24,27
ATCCTGTAAGCAGGAA,1,25,27
ATCCTGTAAGTCACTA,1,26,27
ATCCTGTAATCCTGTA,1,27,27
ATCCTGTAATTGAGGA,1,28,27
ATCCTGTACAACCACA,1,29,27
ATCCTGTAGACTAGTA,1,30,27
ATCCTGTACAATGGAA,1,31,27
ATCCTGTACACTTCGA,1,32,27
ATCCTGTACAGCGTTA,1,33,27
ATCCTGTACATACCAA,1,34,27
ATCCTGTACCAGTTCA,1,35,27
ATCCTGTACCGAAGTA,1,36,27
ATCCTGTACCGTGAGA,1,37,27
ATCCTGTACCTCCTGA,1,38,27
ATCCTGTACGAACTTA,1,39,27
ATCCTGTACGACTGGA,1,40,27
ATCCTGTACGCATACA,1,41,27
ATCCTGTACTCAATGA,1,42,27
ATCCTGTACTGAGCCA,1,43,27
ATCCTGTACTGGCATA,1,44,27
ATCCTGTAGAATCTGA,1,45,27
ATCCTGTACAAGACTA,1,46,27
ATCCTGTAGAGCTGAA,1,47,27
ATCCTGTAGATAGACA,1,48,27
ATCCTGTAGCCACATA,1,49,27
ATTGAGGAAACGTGAT,1,0,28
ATTGAGGAGCGAGTAA,1,1,28
ATTGAGGAATGCCTAA,1,2,28
ATTGAGGAGCTAACGA,1,3,28
ATTGAGGAACCACTGT,1,4,28
ATTGAGGAACATTGGC,1,5,28
ATTGAGGACAGATCTG,1,6,28
ATTGAGGACATCAAGT,1,7,28
ATTGAGGACGCTGATC,1,8,28
ATTGAGGAACAAGCTA,1,9,28
ATTGAGGACTGTAGCC,1,10,28
ATTGAGGAAGTACAAG,1,11,28
ATTGAGGAAACAACCA,1,12,28
ATTGAGGAAACCGAGA,1,13,28
ATTGAGGAAACGCTTA,1,14,28
ATTGAGGAAAGACGGA,1,15,28
ATTGAGGAAAGGTACA,1,16,28
ATTGAGGAACACAGAA,1,17,28
ATTGAGGAACAGCAGA,1,18,28
ATTGAGGAACCTCCAA,1,19,28
ATTGAGGAACGCTCGA,1,20,28
ATTGAGGAACGTATCA,1,21,28
ATTGAGGAACTATGCA,1,22,28
ATTGAGGAAGAGTCAA,1,23,28
ATTGAGGAAGATCGCA,1,24,28
ATTGAGGAAGCAGGAA,1,25,28
ATTGAGGAAGTCACTA,1,26,28
ATTGAGGAATCCTGTA,1,27,28
ATTGAGGAATTGAGGA,1,28,28
ATTGAGGACAACCACA,1,29,28
ATTGAGGAGACTAGTA,1,30,28
ATTGAGGACAATGGAA,1,31,28
ATTGAGGACACTTCGA,1,32,28
ATTGAGGACAGCGTTA,1,33,28
ATTGAGGACATACCAA,1,34,28
ATTGAGGACCAGTTCA,1,35,28
ATTGAGGACCGAAGTA,1,36,28
ATTGAGGACCGTGAGA,1,37,28
ATTGAGGACCTCCTGA,1,38,28
ATTGAGGACGAACTTA,1,39,28
ATTGAGGACGACTGGA,1,40,28
ATTGAGGACGCATACA,1,41,28
ATTGAGGACTCAATGA,1,42,28
ATTGAGGACTGAGCCA,1,43,28
ATTGAGGACTGGCATA,1,44,28
ATTGAGGAGAATCTGA,1,45,28
ATTGAGGACAAGACTA,1,46,28
ATTGAGGAGAGCTGAA,1,47,28
ATTGAGGAGATAGACA,1,48,28
ATTGAGGAGCCACATA,1,49,28
CAACCACAAACGTGAT,1,0,29
CAACCACAGCGAGTAA,1,1,29
CAACCACAATGCCTAA,1,2,29
CAACCACAGCTAACGA,1,3,29
CAACCACAACCACTGT,1,4,29
CAACCACAACATTGGC,1,5,29
CAACCACACAGATCTG,1,6,29
CAACCACACATCAAGT,1,7,29
CAACCACACGCTGATC,1,8,29
CAACCACAACAAGCTA,1,9,29
CAACCACACTGTAGCC,1,10,29
CAACCACAAGTACAAG,1,11,29
CAACCACAAACAACCA,1,12,29
CAACCACAAACCGAGA,1,13,29
CAACCACAAACGCTTA,1,14,29
CAACCACAAAGACGGA,1,15,29
CAACCACAAAGGTACA,1,16,29
CAACCACAACACAGAA,1,17,29
CAACCACAACAGCAGA,1,18,29
CAACCACAACCTCCAA,1,19,29
CAACCACAACGCTCGA,1,20,29
CAACCACAACGTATCA,1,21,29
CAACCACAACTATGCA,1,22,29
CAACCACAAGAGTCAA,1,23,29
CAACCACAAGATCGCA,1,24,29
CAACCACAAGCAGGAA,1,25,29
CAACCACAAGTCACTA,1,26,29
CAACCACAATCCTGTA,1,27,29
CAACCACAATTGAGGA,1,28,29
CAACCACACAACCACA,1,29,29
CAACCACAGACTAGTA,1,30,29
CAACCACACAATGGAA,1,31,29
CAACCACACACTTCGA,1,32,29
CAACCACACAGCGTTA,1,33,29
CAACCACACATACCAA,1,34,29
CAACCACACCAGTTCA,1,35,29
CAACCACACCGAAGTA,1,36,29
CAACCACACCGTGAGA,1,37,29
CAACCACACCTCCTGA,1,38,29
CAACCACACGAACTTA,1,39,29
CAACCACACGACTGGA,1,40,29
CAACCACACGCATACA,1,41,29
CAACCACACTCAATGA,1,42,29
CAACCACACTGAGCCA,1,43,29
CAACCACACTGGCATA,1,44,29
CAACCACAGAATCTGA,1,45,29
CAACCACACAAGACTA,1,46,29
CAACCACAGAGCTGAA,1,47,29
CAACCACAGATAGACA,1,48,29
CAACCACAGCCACATA,1,49,29
GACTAGTAAACGTGAT,1,0,30
GACTAGTAGCGAGTAA,1,1,30
GACTAGTAATGCCTAA,1,2,30
GACTAGTAGCTAACGA,1,3,30
GACTAGTAACCACTGT,1,4,30
GACTAGTAACATTGGC,1,5,30
GACTAGTACAGATCTG,1,6,30
GACTAGTACATCAAGT,1,7,30
GACTAGTACGCTGATC,1,8,30
GACTAGTAACAAGCTA,1,9,30
GACTAGTACTGTAGCC,1,10,30
GACTAGTAAGTACAAG,1,11,30
GACTAGTAAACAACCA,1,12,30
GACTAGTAAACCGAGA,1,13,30
GACTAGTAAACGCTTA,1,14,30
GACTAGTAAAGACGGA,1,15,30
GACTAGTAAAGGTACA,1,16,30
GACTAGTAACACAGAA,1,17,30
GACTAGTAACAGCAGA,1,18,30
GACTAGTAACCTCCAA,1,19,30
GACTAGTAACGCTCGA,1,20,30
GACTAGTAACGTATCA,1,21,30
GACTAGTAACTATGCA,1,22,30
GACTAGTAAGAGTCAA,1,23,30
GACTAGTAAGATCGCA,1,24,30
GACTAGTAAGCAGGAA,1,25,30
GACTAGTAAGTCACTA,1,26,30
GACTAGTAATCCTGTA,1,27,30
GACTAGTAATTGAGGA,1,28,30
GACTAGTACAACCACA,1,29,30
GACTAGTAGACTAGTA,1,30,30
GACTAGTACAATGGAA,1,31,30
GACTAGTACACTTCGA,1,32,30
GACTAGTACAGCGTTA,1,33,30
GACTAGTACATACCAA,1,34,30
GACTAGTACCAGTTCA,1,35,30
GACTAGTACCGAAGTA,1,36,30
GACTAGTACCGTGAGA,1,37,30
GACTAGTACCTCCTGA,1,38,30
GACTAGTACGAACTTA,1,39,30
GACTAGTACGACTGGA,1,40,30
GACTAGTACGCATACA,1,41,30
GACTAGTACTCAATGA,1,42,30
GACTAGTACTGAGCCA,1,43,30
GACTAGTACTGGCATA,1,44,30
GACTAGTAGAATCTGA,1,45,30
GACTAGTACAAGACTA,1,46,30
GACTAGTAGAGCTGAA,1,47,30
GACTAGTAGATAGACA,1,48,30
GACTAGTAGCCACATA,1,49,30
CAATGGAAAACGTGAT,1,0,31
CAATGGAAGCGAGTAA,1,1,31
CAATGGAAATGCCTAA,1,2,31
CAATGGAAGCTAACGA,1,3,31
CAATGGAAACCACTGT,1,4,31
CAATGGAAACATTGGC,1,5,31
CAATGGAACAGATCTG,1,6,31
CAATGGAACATCAAGT,1,7,31
CAATGGAACGCTGATC,1,8,31
CAATGGAAACAAGCTA,1,9,31
CAATGGAACTGTAGCC,1,10,31
CAATGGAAAGTACAAG,1,11,31
CAATGGAAAACAACCA,1,12,31
CAATGGAAAACCGAGA,1,13,31
CAATGGAAAACGCTTA,1,14,31
CAATGGAAAAGACGGA,1,15,31
CAATGGAAAAGGTACA,1,16,31
CAATGGAAACACAGAA,1,17,31
CAATGGAAACAGCAGA,1,18,31
CAATGGAAACCTCCAA,1,19,31
CAATGGAAACGCTCGA,1,20,31
CAATGGAAACGTATCA,1,21,31
CAATGGAAACTATGCA,1,22,31
CAATGGAAAGAGTCAA,1,23,31
CAATGGAAAGATCGCA,1,24,31
CAATGGAAAGCAGGAA,1,25,31
CAATGGAAAGTCACTA,1,26,31
CAATGGAAATCCTGTA,1,27,31
CAATGGAAATTGAGGA,1,28,31
CAATGGAACAACCACA,1,29,31
CAATGGAAGACTAGTA,1,30,31
CAATGGAACAATGGAA,1,31,31
CAATGGAACACTTCGA,1,32,31
CAATGGAACAGCGTTA,1,33,31
CAATGGAACATACCAA,1,34,31
CAATGGAACCAGTTCA,1,35,31
CAATGGAACCGAAGTA,1,36,31
CAATGGAACCGTGAGA,1,37,31
CAATGGAACCTCCTGA,1,38,31
CAATGGAACGAACTTA,1,39,31
CAATGGAACGACTGGA,1,40,31
CAATGGAACGCATACA,1,41,31
CAATGGAACTCAATGA,1,42,31
CAATGGAACTGAGCCA,1,43,31
CAATGGAACTGGCATA,1,44,31
CAATGGAAGAATCTGA,1,45,31
CAATGGAACAAGACTA,1,46,31
CAATGGAAGAGCTGAA,1,47,31
CAATGGAAGATAGACA,1,48,31
CAATGGAAGCCACATA,1,49,31
CACTTCGAAACGTGAT,1,0,32
CACTTCGAGCGAGTAA,1,1,32
CACTTCGAATGCCTAA,1,2,32
CACTTCGAGCTAACGA,1,3,32
CACTTCGAACCACTGT,1,4,32
CACTTCGAACATTGGC,1,5,32
CACTTCGACAGATCTG,1,6,32
CACTTCGACATCAAGT,1,7,32
CACTTCGACGCTGATC,1,8,32
CACTTCGAACAAGCTA,1,9,32
CACTTCGACTGTAGCC,1,10,32
CACTTCGAAGTACAAG,1,11,32
CACTTCGAAACAACCA,1,12,32
CACTTCGAAACCGAGA,1,13,32
CACTTCGAAACGCTTA,1,14,32
CACTTCGAAAGACGGA,1,15,32
CACTTCGAAAGGTACA,1,16,32
CACTTCGAACACAGAA,1,17,32
CACTTCGAACAGCAGA,1,18,32
CACTTCGAACCTCCAA,1,19,32
CACTTCGAACGCTCGA,1,20,32
CACTTCGAACGTATCA,1,21,32
CACTTCGAACTATGCA,1,22,32
CACTTCGAAGAGTCAA,1,23,32
CACTTCGAAGATCGCA,1,24,32
CACTTCGAAGCAGGAA,1,25,32
CACTTCGAAGTCACTA,1,26,32
CACTTCGAATCCTGTA,1,27,32
CACTTCGAATTGAGGA,1,28,32
CACTTCGACAACCACA,1,29,32
CACTTCGAGACTAGTA,1,30,32
CACTTCGACAATGGAA,1,31,32
CACTTCGACACTTCGA,1,32,32
CACTTCGACAGCGTTA,1,33,32
CACTTCGACATACCAA,1,34,32
CACTTCGACCAGTTCA,1,35,32
CACTTCGACCGAAGTA,1,36,32
CACTTCGACCGTGAGA,1,37,32
CACTTCGACCTCCTGA,1,38,32
CACTTCGACGAACTTA,1,39,32
CACTTCGACGACTGGA,1,40,32
CACTTCGACGCATACA,1,41,32
CACTTCGACTCAATGA,1,42,32
CACTTCGACTGAGCCA,1,43,32
CACTTCGACTGGCATA,1,44,32
CACTTCGAGAATCTGA,1,45,32
CACTTCGACAAGACTA,1,46,32
CACTTCGAGAGCTGAA,1,47,32
CACTTCGAGATAGACA,1,48,32
CACTTCGAGCCACATA,1,49,32
CAGCGTTAAACGTGAT,1,0,33
CAGCGTTAGCGAGTAA,1,1,33
CAGCGTTAATGCCTAA,1,2,33
CAGCGTTAGCTAACGA,1,3,33
CAGCGTTAACCACTGT,1,4,33
CAGCGTTAACATTGGC,1,5,33
CAGCGTTACAGATCTG,1,6,33
CAGCGTTACATCAAGT,1,7,33
CAGCGTTACGCTGATC,1,8,33
CAGCGTTAACAAGCTA,1,9,33
CAGCGTTACTGTAGCC,1,10,33
CAGCGTTAAGTACAAG,1,11,33
CAGCGTTAAACAACCA,1,12,33
CAGCGTTAAACCGAGA,1,13,33
CAGCGTTAAACGCTTA,1,14,33
CAGCGTTAAAGACGGA,1,15,33
CAGCGTTAAAGGTACA,1,16,33
CAGCGTTAACACAGAA,1,17,33
CAGCGTTAACAGCAGA,1,18,33
CAGCGTTAACCTCCAA,1,19,33
CAGCGTTAACGCTCGA,1,20,33
CAGCGTTAACGTATCA,1,21,33
CAGCGTTAACTATGCA,1,22,33
CAGCGTTAAGAGTCAA,1,23,33
CAGCGTTAAGATCGCA,1,24,33
CAGCGTTAAGCAGGAA,1,25,33
CAGCGTTAAGTCACTA,1,26,33
CAGCGTTAATCCTGTA,1,27,33
CAGCGTTAATTGAGGA,1,28,33
CAGCGTTACAACCACA,1,29,33
CAGCGTTAGACTAGTA,1,30,33
CAGCGTTACAATGGAA,1,31,33
CAGCGTTACACTTCGA,1,32,33
CAGCGTTACAGCGTTA,1,33,33
CAGCGTTACATACCAA,1,34,33
CAGCGTTACCAGTTCA,1,35,33
CAGCGTTACCGAAGTA,1,36,33
CAGCGTTACCGTGAGA,1,37,33
CAGCGTTACCTCCTGA,1,38,33
CAGCGTTACGAACTTA,1,39,33
CAGCGTTACGACTGGA,1,40,33
CAGCGTTACGCATACA,1,41,33
CAGCGTTACTCAATGA,1,42,33
CAGCGTTACTGAGCCA,1,43,33
CAGCGTTACTGGCATA,1,44,33
CAGCGTTAGAATCTGA,1,45,33
CAGCGTTACAAGACTA,1,46,33
CAGCGTTAGAGCTGAA,1,47,33
CAGCGTTAGATAGACA,1,48,33
CAGCGTTAGCCACATA,1,49,33
CATACCAAAACGTGAT,1,0,34
CATACCAAGCGAGTAA,1,1,34
CATACCAAATGCCTAA,1,2,34
CATACCAAGCTAACGA,1,3,34
CATACCAAACCACTGT,1,4,34
CATACCAAACATTGGC,1,5,34
CATACCAACAGATCTG,1,6,34
CATACCAACATCAAGT,1,7,34
CATACCAACGCTGATC,1,8,34
CATACCAAACAAGCTA,1,9,34
CATACCAACTGTAGCC,1,10,34
CATACCAAAGTACAAG,1,11,34
CATACCAAAACAACCA,1,12,34
CATACCAAAACCGAGA,1,13,34
CATACCAAAACGCTTA,1,14,34
CATACCAAAAGACGGA,1,15,34
CATACCAAAAGGTACA,1,16,34
CATACCAAACACAGAA,1,17,34
CATACCAAACAGCAGA,1,18,34
CATACCAAACCTCCAA,1,19,34
CATACCAAACGCTCGA,1,20,34
CATACCAAACGTATCA,1,21,34
CATACCAAACTATGCA,1,22,34
CATACCAAAGAGTCAA,1,23,34
CATACCAAAGATCGCA,1,24,34
CATACCAAAGCAGGAA,1,25,34
CATACCAAAGTCACTA,1,26,34
CATACCAAATCCTGTA,1,27,34
CATACCAAATTGAGGA,1,28,34
CATACCAACAACCACA,1,29,34
CATACCAAGACTAGTA,1,30,34
CATACCAACAATGGAA,1,31,34
CATACCAACACTTCGA,1,32,34
CATACCAACAGCGTTA,1,33,34
CATACCAACATACCAA,1,34,34
CATACCAACCAGTTCA,1,35,34
CATACCAACCGAAGTA,1,36,34
CATACCAACCGTGAGA,1,37,34
CATACCAACCTCCTGA,1,38,34
CATACCAACGAACTTA,1,39,34
CATACCAACGACTGGA,1,40,34
CATACCAACGCATACA,1,41,34
CATACCAACTCAATGA,1,42,34
CATACCAACTGAGCCA,1,43,34
CATACCAACTGGCATA,1,44,34
CATACCAAGAATCTGA,1,45,34
CATACCAACAAGACTA,1,46,34
CATACCAAGAGCTGAA,1,47,34
CATACCAAGATAGACA,1,48,34
CATACCAAGCCACATA,1,49,34
CCAGTTCAAACGTGAT,1,0,35
CCAGTTCAGCGAGTAA,1,1,35
CCAGTTCAATGCCTAA,1,2,35
CCAGTTCAGCTAACGA,1,3,35
CCAGTTCAACCACTGT,1,4,35
CCAGTTCAACATTGGC,1,5,35
CCAGTTCACAGATCTG,1,6,35
CCAGTTCACATCAAGT,1,7,35
CCAGTTCACGCTGATC,1,8,35
CCAGTTCAACAAGCTA,1,9,35
CCAGTTCACTGTAGCC,1,10,35
CCAGTTCAAGTACAAG,1,11,35
CCAGTTCAAACAACCA,1,12,35
CCAGTTCAAACCGAGA,1,13,35
CCAGTTCAAACGCTTA,1,14,35
CCAGTTCAAAGACGGA,1,15,35
CCAGTTCAAAGGTACA,1,16,35
CCAGTTCAACACAGAA,1,17,35
CCAGTTCAACAGCAGA,1,18,35
CCAGTTCAACCTCCAA,1,19,35
CCAGTTCAACGCTCGA,1,20,35
CCAGTTCAACGTATCA,1,21,35
CCAGTTCAACTATGCA,1,22,35
CCAGTTCAAGAGTCAA,1,23,35
CCAGTTCAAGATCGCA,1,24,35
CCAGTTCAAGCAGGAA,1,25,35
CCAGTTCAAGTCACTA,1,26,35
CCAGTTCAATCCTGTA,1,27,35
CCAGTTCAATTGAGGA,1,28,35
CCAGTTCACAACCACA,1,29,35
CCAGTTCAGACTAGTA,1,30,35
CCAGTTCACAATGGAA,1,31,35
CCAGTTCACACTTCGA,1,32,35
CCAGTTCACAGCGTTA,1,33,35
CCAGTTCACATACCAA,1,34,35
CCAGTTCACCAGTTCA,1,35,35
CCAGTTCACCGAAGTA,1,36,35
CCAGTTCACCGTGAGA,1,37,35
CCAGTTCACCTCCTGA,1,38,35
CCAGTTCACGAACTTA,1,39,35
CCAGTTCACGACTGGA,1,40,35
CCAGTTCACGCATACA,1,41,35
CCAGTTCACTCAATGA,1,42,35
CCAGTTCACTGAGCCA,1,43,35
CCAGTTCACTGGCATA,1,44,35
CCAGTTCAGAATCTGA,1,45,35
CCAGTTCACAAGACTA,1,46,35
CCAGTTCAGAGCTGAA,1,47,35
CCAGTTCAGATAGACA,1,48,35
CCAGTTCAGCCACATA,1,49,35
CCGAAGTAAACGTGAT,1,0,36
CCGAAGTAGCGAGTAA,1,1,36
CCGAAGTAATGCCTAA,1,2,36
CCGAAGTAGCTAACGA,1,3,36
CCGAAGTAACCACTGT,1,4,36
CCGAAGTAACATTGGC,1,5,36
CCGAAGTACAGATCTG,1,6,36
CCGAAGTACATCAAGT,1,7,36
CCGAAGTACGCTGATC,1,8,36
CCGAAGTAACAAGCTA,1,9,36
CCGAAGTACTGTAGCC,1,10,36
CCGAAGTAAGTACAAG,1,11,36
CCGAAGTAAACAACCA,1,12,36
CCGAAGTAAACCGAGA,1,13,36
CCGAAGTAAACGCTTA,1,14,36
CCGAAGTAAAGACGGA,1,15,36
CCGAAGTAAAGGTACA,1,16,36
CCGAAGTAACACAGAA,1,17,36
CCGAAGTAACAGCAGA,1,18,36
CCGAAGTAACCTCCAA,1,19,36
CCGAAGTAACGCTCGA,1,20,36
CCGAAGTAACGTATCA,1,21,36
CCGAAGTAACTATGCA,1,22,36
CCGAAGTAAGAGTCAA,1,23,36
CCGAAGTAAGATCGCA,1,24,36
CCGAAGTAAGCAGGAA,1,25,36
CCGAAGTAAGTCACTA,1,26,36
CCGAAGTAATCCTGTA,1,27,36
CCGAAGTAATTGAGGA,1,28,36
CCGAAGTACAACCACA,1,29,36
CCGAAGTAGACTAGTA,1,30,36
CCGAAGTACAATGGAA,1,31,36
CCGAAGTACACTTCGA,1,32,36
CCGAAGTACAGCGTTA,1,33,36
CCGAAGTACATACCAA,1,34,36
CCGAAGTACCAGTTCA,1,35,36
CCGAAGTACCGAAGTA,1,36,36
CCGAAGTACCGTGAGA,1,37,36
CCGAAGTACCTCCTGA,1,38,36
CCGAAGTACGAACTTA,1,39,36
CCGAAGTACGACTGGA,1,40,36
CCGAAGTACGCATACA,1,41,36
CCGAAGTACTCAATGA,1,42,36
CCGAAGTACTGAGCCA,1,43,36
CCGAAGTACTGGCATA,1,44,36
CCGAAGTAGAATCTGA,1,45,36
CCGAAGTACAAGACTA,1,46,36
CCGAAGTAGAGCTGAA,1,47,36
CCGAAGTAGATAGACA,1,48,36
CCGAAGTAGCCACATA,1,49,36
CCGTGAGAAACGTGAT,1,0,37
CCGTGAGAGCGAGTAA,1,1,37
CCGTGAGAATGCCTAA,1,2,37
CCGTGAGAGCTAACGA,1,3,37
CCGTGAGAACCACTGT,1,4,37
CCGTGAGAACATTGGC,1,5,37
CCGTGAGACAGATCTG,1,6,37
CCGTGAGACATCAAGT,1,7,37
CCGTGAGACGCTGATC,1,8,37
CCGTGAGAACAAGCTA,1,9,37
CCGTGAGACTGTAGCC,1,10,37
CCGTGAGAAGTACAAG,1,11,37
CCGTGAGAAACAACCA,1,12,37
CCGTGAGAAACCGAGA,1,13,37
CCGTGAGAAACGCTTA,1,14,37
CCGTGAGAAAGACGGA,1,15,37
CCGTGAGAAAGGTACA,1,16,37
CCGTGAGAACACAGAA,1,17,37
CCGTGAGAACAGCAGA,1,18,37
CCGTGAGAACCTCCAA,1,19,37
CCGTGAGAACGCTCGA,1,20,37
CCGTGAGAACGTATCA,1,21,37
CCGTGAGAACTATGCA,1,22,37
CCGTGAGAAGAGTCAA,1,23,37
CCGTGAGAAGATCGCA,1,24,37
CCGTGAGAAGCAGGAA,1,25,37
CCGTGAGAAGTCACTA,1,26,37
CCGTGAGAATCCTGTA,1,27,37
CCGTGAGAATTGAGGA,1,28,37
CCGTGAGACAACCACA,1,29,37
CCGTGAGAGACTAGTA,1,30,37
CCGTGAGACAATGGAA,1,31,37
CCGTGAGACACTTCGA,1,32,37
CCGTGAGACAGCGTTA,1,33,37
CCGTGAGACATACCAA,1,34,37
CCGTGAGACCAGTTCA,1,35,37
CCGTGAGACCGAAGTA,1,36,37
CCGTGAGACCGTGAGA,1,37,37
CCGTGAGACCTCCTGA,1,38,37
CCGTGAGACGAACTTA,1,39,37
CCGTGAGACGACTGGA,1,40,37
CCGTGAGACGCATACA,1,41,37
CCGTGAGACTCAATGA,1,42,37
CCGTGAGACTGAGCCA,1,43,37
CCGTGAGACTGGCATA,1,44,37
CCGTGAGAGAATCTGA,1,45,37
CCGTGAGACAAGACTA,1,46,37
CCGTGAGAGAGCTGAA,1,47,37
CCGTGAGAGATAGACA,1,48,37
CCGTGAGAGCCACATA,1,49,37
CCTCCTGAAACGTGAT,1,0,38
CCTCCTGAGCGAGTAA,1,1,38
CCTCCTGAATGCCTAA,1,2,38
CCTCCTGAGCTAACGA,1,3,38
CCTCCTGAACCACTGT,1,4,38
CCTCCTGAACATTGGC,1,5,38
CCTCCTGACAGATCTG,1,6,38
CCTCCTGACATCAAGT,1,7,38
CCTCCTGACGCTGATC,1,8,38
CCTCCTGAACAAGCTA,1,9,38
CCTCCTGACTGTAGCC,1,10,38
CCTCCTGAAGTACAAG,1,11,38
CCTCCTGAAACAACCA,1,12,38
CCTCCTGAAACCGAGA,1,13,38
CCTCCTGAAACGCTTA,1,14,38
CCTCCTGAAAGACGGA,1,15,38
CCTCCTGAAAGGTACA,1,16,38
CCTCCTGAACACAGAA,1,17,38
CCTCCTGAACAGCAGA,1,18,38
CCTCCTGAACCTCCAA,1,19,38
CCTCCTGAACGCTCGA,1,20,38
CCTCCTGAACGTATCA,1,21,38
CCTCCTGAACTATGCA,1,22,38
CCTCCTGAAGAGTCAA,1,23,38
CCTCCTGAAGATCGCA,1,24,38
CCTCCTGAAGCAGGAA,1,25,38
CCTCCTGAAGTCACTA,1,26,38
CCTCCTGAATCCTGTA,1,27,38
CCTCCTGAATTGAGGA,1,28,38
CCTCCTGACAACCACA,1,29,38
CCTCCTGAGACTAGTA,1,30,38
CCTCCTGACAATGGAA,1,31,38
CCTCCTGACACTTCGA,1,32,38
CCTCCTGACAGCGTTA,1,33,38
CCTCCTGACATACCAA,1,34,38
CCTCCTGACCAGTTCA,1,35,38
CCTCCTGACCGAAGTA,1,36,38
CCTCCTGACCGTGAGA,1,37,38
CCTCCTGACCTCCTGA,1,38,38
CCTCCTGACGAACTTA,1,39,38
CCTCCTGACGACTGGA,1,40,38
CCTCCTGACGCATACA,1,41,38
CCTCCTGACTCAATGA,1,42,38
CCTCCTGACTGAGCCA,1,43,38
CCTCCTGACTGGCATA,1,44,38
CCTCCTGAGAATCTGA,1,45,38
CCTCCTGACAAGACTA,1,46,38
CCTCCTGAGAGCTGAA,1,47,38
CCTCCTGAGATAGACA,1,48,38
CCTCCTGAGCCACATA,1,49,38
CGAACTTAAACGTGAT,1,0,39
CGAACTTAGCGAGTAA,1,1,39
CGAACTTAATGCCTAA,1,2,39
CGAACTTAGCTAACGA,1,3,39
CGAACTTAACCACTGT,1,4,39
CGAACTTAACATTGGC,1,5,39
CGAACTTACAGATCTG,1,6,39
CGAACTTACATCAAGT,1,7,39
CGAACTTACGCTGATC,1,8,39
CGAACTTAACAAGCTA,1,9,39
CGAACTTACTGTAGCC,1,10,39
CGAACTTAAGTACAAG,1,11,39
CGAACTTAAACAACCA,1,12,39
CGAACTTAAACCGAGA,1,13,39
CGAACTTAAACGCTTA,1,14,39
CGAACTTAAAGACGGA,1,15,39
CGAACTTAAAGGTACA,1,16,39
CGAACTTAACACAGAA,1,17,39
CGAACTTAACAGCAGA,1,18,39
CGAACTTAACCTCCAA,1,19,39
CGAACTTAACGCTCGA,1,20,39
CGAACTTAACGTATCA,1,21,39
CGAACTTAACTATGCA,1,22,39
CGAACTTAAGAGTCAA,1,23,39
CGAACTTAAGATCGCA,1,24,39
CGAACTTAAGCAGGAA,1,25,39
CGAACTTAAGTCACTA,1,26,39
CGAACTTAATCCTGTA,1,27,39
CGAACTTAATTGAGGA,1,28,39
CGAACTTACAACCACA,1,29,39
CGAACTTAGACTAGTA,1,30,39
CGAACTTACAATGGAA,1,31,39
CGAACTTACACTTCGA,1,32,39
CGAACTTACAGCGTTA,1,33,39
CGAACTTACATACCAA,1,34,39
CGAACTTACCAGTTCA,1,35,39
CGAACTTACCGAAGTA,1,36,39
CGAACTTACCGTGAGA,1,37,39
CGAACTTACCTCCTGA,1,38,39
CGAACTTACGAACTTA,1,39,39
CGAACTTACGACTGGA,1,40,39
CGAACTTACGCATACA,1,41,39
CGAACTTACTCAATGA,1,42,39
CGAACTTACTGAGCCA,1,43,39
CGAACTTACTGGCATA,1,44,39
CGAACTTAGAATCTGA,1,45,39
CGAACTTACAAGACTA,1,46,39
CGAACTTAGAGCTGAA,1,47,39
CGAACTTAGATAGACA,1,48,39
CGAACTTAGCCACATA,1,49,39
CGACTGGAAACGTGAT,1,0,40
CGACTGGAGCGAGTAA,1,1,40
CGACTGGAATGCCTAA,1,2,40
CGACTGGAGCTAACGA,1,3,40
CGACTGGAACCACTGT,1,4,40
CGACTGGAACATTGGC,1,5,40
CGACTGGACAGATCTG,1,6,40
CGACTGGACATCAAGT,1,7,40
CGACTGGACGCTGATC,1,8,40
CGACTGGAACAAGCTA,1,9,40
CGACTGGACTGTAGCC,1,10,40
CGACTGGAAGTACAAG,1,11,40
CGACTGGAAACAACCA,1,12,40
CGACTGGAAACCGAGA,1,13,40
CGACTGGAAACGCTTA,1,14,40
CGACTGGAAAGACGGA,1,15,40
CGACTGGAAAGGTACA,1,16,40
CGACTGGAACACAGAA,1,17,40
CGACTGGAACAGCAGA,1,18,40
CGACTGGAACCTCCAA,1,19,40
CGACTGGAACGCTCGA,1,20,40
CGACTGGAACGTATCA,1,21,40
CGACTGGAACTATGCA,1,22,40
CGACTGGAAGAGTCAA,1,23,40
CGACTGGAAGATCGCA,1,24,40
CGACTGGAAGCAGGAA,1,25,40
CGACTGGAAGTCACTA,1,26,40
CGACTGGAATCCTGTA,1,27,40
CGACTGGAATTGAGGA,1,28,40
CGACTGGACAACCACA,1,29,40
CGACTGGAGACTAGTA,1,30,40
CGACTGGACAATGGAA,1,31,40
CGACTGGACACTTCGA,1,32,40
CGACTGGACAGCGTTA,1,33,40
CGACTGGACATACCAA,1,34,40
CGACTGGACCAGTTCA,1,35,40
CGACTGGACCGAAGTA,1,36,40
CGACTGGACCGTGAGA,1,37,40
CGACTGGACCTCCTGA,1,38,40
CGACTGGACGAACTTA,1,39,40
CGACTGGACGACTGGA,1,40,40
CGACTGGACGCATACA,1,41,40
CGACTGGACTCAATGA,1,42,40
CGACTGGACTGAGCCA,1,43,40
CGACTGGACTGGCATA,1,44,40
CGACTGGAGAATCTGA,1,45,40
CGACTGGACAAGACTA,1,46,40
CGACTGGAGAGCTGAA,1,47,40
CGACTGGAGATAGACA,1,48,40
CGACTGGAGCCACATA,1,49,40
CGCATACAAACGTGAT,1,0,41
CGCATACAGCGAGTAA,1,1,41
CGCATACAATGCCTAA,1,2,41
CGCATACAGCTAACGA,1,3,41
CGCATACAACCACTGT,1,4,41
CGCATACAACATTGGC,1,5,41
CGCATACACAGATCTG,1,6,41
CGCATACACATCAAGT,1,7,41
CGCATACACGCTGATC,1,8,41
CGCATACAACAAGCTA,1,9,41
CGCATACACTGTAGCC,1,10,41
CGCATACAAGTACAAG,1,11,41
CGCATACAAACAACCA,1,12,41
CGCATACAAACCGAGA,1,13,41
CGCATACAAACGCTTA,1,14,41
CGCATACAAAGACGGA,1,15,41
CGCATACAAAGGTACA,1,16,41
CGCATACAACACAGAA,1,17,41
CGCATACAACAGCAGA,1,18,41
CGCATACAACCTCCAA,1,19,41
CGCATACAACGCTCGA,1,20,41
CGCATACAACGTATCA,1,21,41
CGCATACAACTATGCA,1,22,41
CGCATACAAGAGTCAA,1,23,41
CGCATACAAGATCGCA,1,24,41
CGCATACAAGCAGGAA,1,25,41
CGCATACAAGTCACTA,1,26,41
CGCATACAATCCTGTA,1,27,41
CGCATACAATTGAGGA,1,28,41
CGCATACACAACCACA,1,29,41
CGCATACAGACTAGTA,1,30,41
CGCATACACAATGGAA,1,31,41
CGCATACACACTTCGA,1,32,41
CGCATACACAGCGTTA,1,33,41
CGCATACACATACCAA,1,34,41
CGCATACACCAGTTCA,1,35,41
CGCATACACCGAAGTA,1,36,41
CGCATACACCGTGAGA,1,37,41
CGCATACACCTCCTGA,1,38,41
CGCATACACGAACTTA,1,39,41
CGCATACACGACTGGA,1,40,41
CGCATACACGCATACA,1,41,41
CGCATACACTCAATGA,1,42,41
CGCATACACTGAGCCA,1,43,41
CGCATACACTGGCATA,1,44,41
CGCATACAGAATCTGA,1,45,41
CGCATACACAAGACTA,1,46,41
CGCATACAGAGCTGAA,1,47,41
CGCATACAGATAGACA,1,48,41
CGCATACAGCCACATA,1,49,41
CTCAATGAAACGTGAT,1,0,42
CTCAATGAGCGAGTAA,1,1,42
CTCAATGAATGCCTAA,1,2,42
CTCAATGAGCTAACGA,1,3,42
CTCAATGAACCACTGT,1,4,42
CTCAATGAACATTGGC,1,5,42
CTCAATGACAGATCTG,1,6,42
CTCAATGACATCAAGT,1,7,42
CTCAATGACGCTGATC,1,8,42
CTCAATGAACAAGCTA,1,9,42
CTCAATGACTGTAGCC,1,10,42
CTCAATGAAGTACAAG,1,11,42
CTCAATGAAACAACCA,1,12,42
CTCAATGAAACCGAGA,1,13,42
CTCAATGAAACGCTTA,1,14,42
CTCAATGAAAGACGGA,1,15,42
CTCAATGAAAGGTACA,1,16,42
CTCAATGAACACAGAA,1,17,42
CTCAATGAACAGCAGA,1,18,42
CTCAATGAACCTCCAA,1,19,42
CTCAATGAACGCTCGA,1,20,42
CTCAATGAACGTATCA,1,21,42
CTCAATGAACTATGCA,1,22,42
CTCAATGAAGAGTCAA,1,23,42
CTCAATGAAGATCGCA,1,24,42
CTCAATGAAGCAGGAA,1,25,42
CTCAATGAAGTCACTA,1,26,42
CTCAATGAATCCTGTA,1,27,42
CTCAATGAATTGAGGA,1,28,42
CTCAATGACAACCACA,1,29,42
CTCAATGAGACTAGTA,1,30,42
CTCAATGACAATGGAA,1,31,42
CTCAATGACACTTCGA,1,32,42
CTCAATGACAGCGTTA,1,33,42
CTCAATGACATACCAA,1,34,42
CTCAATGACCAGTTCA,1,35,42
CTCAATGACCGAAGTA,1,36,42
CTCAATGACCGTGAGA,1,37,42
CTCAATGACCTCCTGA,1,38,42
CTCAATGACGAACTTA,1,39,42
CTCAATGACGACTGGA,1,40,42
CTCAATGACGCATACA,1,41,42
CTCAATGACTCAATGA,1,42,42
CTCAATGACTGAGCCA,1,43,42
CTCAATGACTGGCATA,1,44,42
CTCAATGAGAATCTGA,1,45,42
CTCAATGACAAGACTA,1,46,42
CTCAATGAGAGCTGAA,1,47,42
CTCAATGAGATAGACA,1,48,42
CTCAATGAGCCACATA,1,49,42
CTGAGCCAAACGTGAT,1,0,43
CTGAGCCAGCGAGTAA,1,1,43
CTGAGCCAATGCCTAA,1,2,43
CTGAGCCAGCTAACGA,1,3,43
CTGAGCCAACCACTGT,1,4,43
CTGAGCCAACATTGGC,1,5,43
CTGAGCCACAGATCTG,1,6,43
CTGAGCCACATCAAGT,1,7,43
CTGAGCCACGCTGATC,1,8,43
CTGAGCCAACAAGCTA,1,9,43
CTGAGCCACTGTAGCC,1,10,43
CTGAGCCAAGTACAAG,1,11,43
CTGAGCCAAACAACCA,1,12,43
CTGAGCCAAACCGAGA,1,13,43
CTGAGCCAAACGCTTA,1,14,43
CTGAGCCAAAGACGGA,1,15,43
CTGAGCCAAAGGTACA,1,16,43
CTGAGCCAACACAGAA,1,17,43
CTGAGCCAACAGCAGA,1,18,43
CTGAGCCAACCTCCAA,1,19,43
CTGAGCCAACGCTCGA,1,20,43
CTGAGCCAACGTATCA,1,21,43
CTGAGCCAACTATGCA,1,22,43
CTGAGCCAAGAGTCAA,1,23,43
CTGAGCCAAGATCGCA,1,24,43
CTGAGCCAAGCAGGAA,1,25,43
CTGAGCCAAGTCACTA,1,26,43
CTGAGCCAATCCTGTA,1,27,43
CTGAGCCAATTGAGGA,1,28,43
CTGAGCCACAACCACA,1,29,43
CTGAGCCAGACTAGTA,1,30,43
CTGAGCCACAATGGAA,1,31,43
CTGAGCCACACTTCGA,1,32,43
CTGAGCCACAGCGTTA,1,33,43
CTGAGCCACATACCAA,1,34,43
CTGAGCCACCAGTTCA,1,35,43
CTGAGCCACCGAAGTA,1,36,43
CTGAGCCACCGTGAGA,1,37,43
CTGAGCCACCTCCTGA,1,38,43
CTGAGCCACGAACTTA,1,39,43
CTGAGCCACGACTGGA,1,40,43
CTGAGCCACGCATACA,1,41,43
CTGAGCCACTCAATGA,1,42,43
CTGAGCCACTGAGCCA,1,43,43
CTGAGCCACTGGCATA,1,44,43
CTGAGCCAGAATCTGA,1,45,43
CTGAGCCACAAGACTA,1,46,43
CTGAGCCAGAGCTGAA,1,47,43
CTGAGCCAGATAGACA,1,48,43
CTGAGCCAGCCACATA,1,49,43
CTGGCATAAACGTGAT,1,0,44
CTGGCATAGCGAGTAA,1,1,44
CTGGCATAATGCCTAA,1,2,44
CTGGCATAGCTAACGA,1,3,44
CTGGCATAACCACTGT,1,4,44
CTGGCATAACATTGGC,1,5,44
CTGGCATACAGATCTG,1,6,44
CTGGCATACATCAAGT,1,7,44
CTGGCATACGCTGATC,1,8,44
CTGGCATAACAAGCTA,1,9,44
CTGGCATACTGTAGCC,1,10,44
CTGGCATAAGTACAAG,1,11,44
CTGGCATAAACAACCA,1,12,44
CTGGCATAAACCGAGA,1,13,44
CTGGCATAAACGCTTA,1,14,44
CTGGCATAAAGACGGA,1,15,44
CTGGCATAAAGGTACA,1,16,44
CTGGCATAACACAGAA,1,17,44
CTGGCATAACAGCAGA,1,18,44
CTGGCATAACCTCCAA,1,19,44
CTGGCATAACGCTCGA,1,20,44
CTGGCATAACGTATCA,1,21,44
CTGGCATAACTATGCA,1,22,44
CTGGCATAAGAGTCAA,1,23,44
CTGGCATAAGATCGCA,1,24,44
CTGGCATAAGCAGGAA,1,25,44
CTGGCATAAGTCACTA,1,26,44
CTGGCATAATCCTGTA,1,27,44
CTGGCATAATTGAGGA,1,28,44
CTGGCATACAACCACA,1,29,44
CTGGCATAGACTAGTA,1,30,44
CTGGCATACAATGGAA,1,31,44
CTGGCATACACTTCGA,1,32,44
CTGGCATACAGCGTTA,1,33,44
CTGGCATACATACCAA,1,34,44
CTGGCATACCAGTTCA,1,35,44
CTGGCATACCGAAGTA,1,36,44
CTGGCATACCGTGAGA,1,37,44
CTGGCATACCTCCTGA,1,38,44
CTGGCATACGAACTTA,1,39,44
CTGGCATACGACTGGA,1,40,44
CTGGCATACGCATACA,1,41,44
CTGGCATACTCAATGA,1,42,44
CTGGCATACTGAGCCA,1,43,44
CTGGCATACTGGCATA,1,44,44
CTGGCATAGAATCTGA,1,45,44
CTGGCATACAAGACTA,1,46,44
CTGGCATAGAGCTGAA,1,47,44
CTGGCATAGATAGACA,1,48,44
CTGGCATAGCCACATA,1,49,44
GAATCTGAAACGTGAT,1,0,45
GAATCTGAGCGAGTAA,1,1,45
GAATCTGAATGCCTAA,1,2,45
GAATCTGAGCTAACGA,1,3,45
GAATCTGAACCACTGT,1,4,45
GAATCTGAACATTGGC,1,5,45
GAATCTGACAGATCTG,1,6,45
GAATCTGACATCAAGT,1,7,45
GAATCTGACGCTGATC,1,8,45
GAATCTGAACAAGCTA,1,9,45
GAATCTGACTGTAGCC,1,10,45
GAATCTGAAGTACAAG,1,11,45
GAATCTGAAACAACCA,1,12,45
GAATCTGAAACCGAGA,1,13,45
GAATCTGAAACGCTTA,1,14,45
GAATCTGAAAGACGGA,1,15,45
GAATCTGAAAGGTACA,1,16,45
GAATCTGAACACAGAA,1,17,45
GAATCTGAACAGCAGA,1,18,45
GAATCTGAACCTCCAA,1,19,45
GAATCTGAACGCTCGA,1,20,45
GAATCTGAACGTATCA,1,21,45
GAATCTGAACTATGCA,1,22,45
GAATCTGAAGAGTCAA,1,23,45
GAATCTGAAGATCGCA,1,24,45
GAATCTGAAGCAGGAA,1,25,45
GAATCTGAAGTCACTA,1,26,45
GAATCTGAATCCTGTA,1,27,45
GAATCTGAATTGAGGA,1,28,45
GAATCTGACAACCACA,1,29,45
GAATCTGAGACTAGTA,1,30,45
GAATCTGACAATGGAA,1,31,45
GAATCTGACACTTCGA,1,32,45
GAATCTGACAGCGTTA,1,33,45
GAATCTGACATACCAA,1,34,45
GAATCTGACCAGTTCA,1,35,45
GAATCTGACCGAAGTA,1,36,45
GAATCTGACCGTGAGA,1,37,45
GAATCTGACCTCCTGA,1,38,45
GAATCTGACGAACTTA,1,39,45
GAATCTGACGACTGGA,1,40,45
GAATCTGACGCATACA,1,41,45
GAATCTGACTCAATGA,1,42,45
GAATCTGACTGAGCCA,1,43,45
GAATCTGACTGGCATA,1,44,45
GAATCTGAGAATCTGA,1,45,45
GAATCTGACAAGACTA,1,46,45
GAATCTGAGAGCTGAA,1,47,45
GAATCTGAGATAGACA,1,48,45
GAATCTGAGCCACATA,1,49,45
CAAGACTAAACGTGAT,1,0,46
CAAGACTAGCGAGTAA,1,1,46
CAAGACTAATGCCTAA,1,2,46
CAAGACTAGCTAACGA,1,3,46
CAAGACTAACCACTGT,1,4,46
CAAGACTAACATTGGC,1,5,46
CAAGACTACAGATCTG,1,6,46
CAAGACTACATCAAGT,1,7,46
CAAGACTACGCTGATC,1,8,46
CAAGACTAACAAGCTA,1,9,46
CAAGACTACTGTAGCC,1,10,46
CAAGACTAAGTACAAG,1,11,46
CAAGACTAAACAACCA,1,12,46
CAAGACTAAACCGAGA,1,13,46
CAAGACTAAACGCTTA,1,14,46
CAAGACTAAAGACGGA,1,15,46
CAAGACTAAAGGTACA,1,16,46
CAAGACTAACACAGAA,1,17,46
CAAGACTAACAGCAGA,1,18,46
CAAGACTAACCTCCAA,1,19,46
CAAGACTAACGCTCGA,1,20,46
CAAGACTAACGTATCA,1,21,46
CAAGACTAACTATGCA,1,22,46
CAAGACTAAGAGTCAA,1,23,46
CAAGACTAAGATCGCA,1,24,46
CAAGACTAAGCAGGAA,1,25,46
CAAGACTAAGTCACTA,1,26,46
CAAGACTAATCCTGTA,1,27,46
CAAGACTAATTGAGGA,1,28,46
CAAGACTACAACCACA,1,29,46
CAAGACTAGACTAGTA,1,30,46
CAAGACTACAATGGAA,1,31,46
CAAGACTACACTTCGA,1,32,46
CAAGACTACAGCGTTA,1,33,46
CAAGACTACATACCAA,1,34,46
CAAGACTACCAGTTCA,1,35,46
CAAGACTACCGAAGTA,1,36,46
CAAGACTACCGTGAGA,1,37,46
CAAGACTACCTCCTGA,1,38,46
CAAGACTACGAACTTA,1,39,46
CAAGACTACGACTGGA,1,40,46
CAAGACTACGCATACA,1,41,46
CAAGACTACTCAATGA,1,42,46
CAAGACTACTGAGCCA,1,43,46
CAAGACTACTGGCATA,1,44,46
CAAGACTAGAATCTGA,1,45,46
CAAGACTACAAGACTA,1,46,46
CAAGACTAGAGCTGAA,1,47,46
CAAGACTAGATAGACA,1,48,46
CAAGACTAGCCACATA,1,49,46
GAGCTGAAAACGTGAT,1,0,47
GAGCTGAAGCGAGTAA,1,1,47
GAGCTGAAATGCCTAA,1,2,47
GAGCTGAAGCTAACGA,1,3,47
GAGCTGAAACCACTGT,1,4,47
GAGCTGAAACATTGGC,1,5,47
GAGCTGAACAGATCTG,1,6,47
GAGCTGAACATCAAGT,1,7,47
GAGCTGAACGCTGATC,1,8,47
GAGCTGAAACAAGCTA,1,9,47
GAGCTGAACTGTAGCC,1,10,47
GAGCTGAAAGTACAAG,1,11,47
GAGCTGAAAACAACCA,1,12,47
GAGCTGAAAACCGAGA,1,13,47
GAGCTGAAAACGCTTA,1,14,47
GAGCTGAAAAGACGGA,1,15,47
GAGCTGAAAAGGTACA,1,16,47
GAGCTGAAACACAGAA,1,17,47
GAGCTGAAACAGCAGA,1,18,47
GAGCTGAAACCTCCAA,1,19,47
GAGCTGAAACGCTCGA,1,20,47
GAGCTGAAACGTATCA,1,21,47
GAGCTGAAACTATGCA,1,22,47
GAGCTGAAAGAGTCAA,1,23,47
GAGCTGAAAGATCGCA,1,24,47
GAGCTGAAAGCAGGAA,1,25,47
GAGCTGAAAGTCACTA,1,26,47
GAGCTGAAATCCTGTA,1,27,47
GAGCTGAAATTGAGGA,1,28,47
GAGCTGAACAACCACA,1,29,47
GAGCTGAAGACTAGTA,1,30,47
GAGCTGAACAATGGAA,1,31,47
GAGCTGAACACTTCGA,1,32,47
GAGCTGAACAGCGTTA,1,33,47
GAGCTGAACATACCAA,1,34,47
GAGCTGAACCAGTTCA,1,35,47
GAGCTGAACCGAAGTA,1,36,47
GAGCTGAACCGTGAGA,1,37,47
GAGCTGAACCTCCTGA,1,38,47
GAGCTGAACGAACTTA,1,39,47
GAGCTGAACGACTGGA,1,40,47
GAGCTGAACGCATACA,1,41,47
GAGCTGAACTCAATGA,1,42,47
GAGCTGAACTGAGCCA,1,43,47
GAGCTGAACTGGCATA,1,44,47
GAGCTGAAGAATCTGA,1,45,47
GAGCTGAACAAGACTA,1,46,47
GAGCTGAAGAGCTGAA,1,47,47
GAGCTGAAGATAGACA,1,48,47
GAGCTGAAGCCACATA,1,49,47
GATAGACAAACGTGAT,1,0,48
GATAGACAGCGAGTAA,1,1,48
GATAGACAATGCCTAA,1,2,48
GATAGACAGCTAACGA,1,3,48
GATAGACAACCACTGT,1,4,48
GATAGACAACATTGGC,1,5,48
GATAGACACAGATCTG,1,6,48
GATAGACACATCAAGT,1,7,48
GATAGACACGCTGATC,1,8,48
GATAGACAACAAGCTA,1,9,48
GATAGACACTGTAGCC,1,10,48
GATAGACAAGTACAAG,1,11,48
GATAGACAAACAACCA,1,12,48
GATAGACAAACCGAGA,1,13,48
GATAGACAAACGCTTA,1,14,48
GATAGACAAAGACGGA,1,15,48
GATAGACAAAGGTACA,1,16,48
GATAGACAACACAGAA,1,17,48
GATAGACAACAGCAGA,1,18,48
GATAGACAACCTCCAA,1,19,48
GATAGACAACGCTCGA,1,20,48
GATAGACAACGTATCA,1,21,48
GATAGACAACTATGCA,1,22,48
GATAGACAAGAGTCAA,1,23,48
GATAGACAAGATCGCA,1,24,48
GATAGACAAGCAGGAA,1,25,48
GATAGACAAGTCACTA,1,26,48
GATAGACAATCCTGTA,1,27,48
GATAGACAATTGAGGA,1,28,48
GATAGACACAACCACA,1,29,48
GATAGACAGACTAGTA,1,30,48
GATAGACACAATGGAA,1,31,48
GATAGACACACTTCGA,1,32,48
GATAGACACAGCGTTA,1,33,48
GATAGACACATACCAA,1,34,48
GATAGACACCAGTTCA,1,35,48
GATAGACACCGAAGTA,1,36,48
GATAGACACCGTGAGA,1,37,48
GATAGACACCTCCTGA,1,38,48
GATAGACACGAACTTA,1,39,48
GATAGACACGACTGGA,1,40,48
GATAGACACGCATACA,1,41,48
GATAGACACTCAATGA,1,42,48
GATAGACACTGAGCCA,1,43,48
GATAGACACTGGCATA,1,44,48
GATAGACAGAATCTGA,1,45,48
GATAGACACAAGACTA,1,46,48
GATAGACAGAGCTGAA,1,47,48
GATAGACAGATAGACA,1,48,48
GATAGACAGCCACATA,1,49,48
GCCACATAAACGTGAT,1,0,49
GCCACATAGCGAGTAA,1,1,49
GCCACATAATGCCTAA,1,2,49
GCCACATAGCTAACGA,1,3,49
GCCACATAACCACTGT,1,4,49
GCCACATAACATTGGC,1,5,49
GCCACATACAGATCTG,1,6,49
GCCACATACATCAAGT,1,7,49
GCCACATACGCTGATC,1,8,49
GCCACATAACAAGCTA,1,9,49
GCCACATACTGTAGCC,1,10,49
GCCACATAAGTACAAG,1,11,49
GCCACATAAACAACCA,1,12,49
GCCACATAAACCGAGA,1,13,49
GCCACATAAACGCTTA,1,14,49
GCCACATAAAGACGGA,1,15,49
GCCACATAAAGGTACA,1,16,49
GCCACATAACACAGAA,1,17,49
GCCACATAACAGCAGA,1,18,49
GCCACATAACCTCCAA,1,19,49
GCCACATAACGCTCGA,1,20,49
GCCACATAACGTATCA,1,21,49
GCCACATAACTATGCA,1,22,49
GCCACATAAGAGTCAA,1,23,49
GCCACATAAGATCGCA,1,24,49
GCCACATAAGCAGGAA,1,25,49
GCCACATAAGTCACTA,1,26,49
GCCACATAATCCTGTA,1,27,49
GCCACATAATTGAGGA,1,28,49
GCCACATACAACCACA,1,29,49
GCCACATAGACTAGTA,1,30,49
GCCACATACAATGGAA,1,31,49
GCCACATACACTTCGA,1,32,49
GCCACATACAGCGTTA,1,33,49
GCCACATACATACCAA,1,34,49
GCCACATACCAGTTCA,1,35,49
GCCACATACCGAAGTA,1,36,49
GCCACATACCGTGAGA,1,37,49
GCCACATACCTCCTGA,1,38,49
GCCACATACGAACTTA,1,39,49
GCCACATACGACTGGA,1,40,49
GCCACATACGCATACA,1,41,49
GCCACATACTCAATGA,1,42,49
GCCACATACTGAGCCA,1,43,49
GCCACATACTGGCATA,1,44,49
GCCACATAGAATCTGA,1,45,49
GCCACATACAAGACTA,1,46,49
GCCACATAGAGCTGAA,1,47,49
GCCACATAGATAGACA,1,48,49
GCCACATAGCCACATA,1,49,49